formula,kappa
Mn2Sc4Se8,1.46419
Ge1Ni2Zn1,2.85205
La6Ru8Sn26,0.689631
Ga1Pd2Sc1,2.43747
Ag2I2,0.562013
As4Co2,8.52199
Cu4Ni1Yb1,1.8199
Pt10Se8,1.33708
Cr4La4S12,2.92377
La8N4S6,3.15013
Cs3In9,0.36912
Re4S4Te4,5.67341
Cu4Sb4Se8,1.39627
Ag1Zr2,6.13645
Nb2P2,16.883
Ca1S1,14.7572
Ca4Ge4Ni6,3.49629
Cu1Hf1Hg2,0.638006
Ga4Ho2Pd2,2.78277
Ca2Ga4,3.93579
Cd2Er4Ge4,3.36541
S6Zn6,2.72643
Ge8,3.63824
Ho12Ru4,2.00312
Si2Th1,4.01412
Pb3Yb1,2.73178
Bi2Er6Mn1,3.3333
F9Y3,4.35946
Li2Se1,6.36615
As8Ga8,2.11284
Ir8Zr16,1.26678
As2Ba2Cu2,3.06018
Ag2Dy2Sn2,2.99707
Ce1Tl3,1.17159
C1Sn1,14.5718
Er1Hg2,1.9066
Cu36Ga16,0.657801
Ga3Ni5,3.28898
As1Rh2,8.29395
Cr3N1Pt1,3.6728
La3Sn7,1.48385
Cr2N6Sr6,4.60048
Cu2Nb8Si2,8.36711
Sc4Te4,2.67267
Pd1Zr2,8.32751
Mo2P4,22.4828
Bi2Ho6Rh1,2.03229
Rh1Y1,8.35667
Co4Er4Ga4,1.71742
C3N4,89.9282
O4,6.85764
Al2Cu2O4,8.57476
B28,37.9524
Au2Ta6,4.16073
Al3La1Pd2,5.23183
C1In1La3,5.83217
Al4Se8Sr2,2.49112
Ge6Rh10,2.60458
C1Er1Rh3,7.84537
Ga4La4Pt4,0.929383
Rh4Sb12,2.2737
Co8Ge26Lu6,1.69309
Nb2Pt2,9.63607
F12Na4Zn4,1.66288
Ca8H4N4,4.85686
Mn2Te2,2.37687
Dy2S4,6.01284
Ba1O3Pu1,7.02168
Ir4Zr12,1.15839
Au2Nb1,4.78683
Ni3P3W3,5.2733
Ir4Si4Ta4,8.97583
B8Fe4,31.7093
La1S1,9.21122
Br1K3O1,1.29405
Ga2P2,8.29456
Au4In8Na12,0.158287
Al1Pt3,4.24404
Li3Sb1,4.4981
Ba2Be4N4,8.3683
Ba1Fe1O3,7.22743
Cl16Hg12O4,0.354789
Sb1Tl1,1.47991
Dy2Pd2Sb2,2.45128
Cd2Cu2F8,1.73266
Au2O4Sc2,2.75783
Pb4Sr8,0.813002
Ag1In5Te8,0.817938
Mn2Si2Y1,8.16405
Al40V4,1.54549
F3Na1V1,2.63938
La4Sb2,3.53311
P1Sn1,7.19408
C1Ce1,28.801
B1In1Sc3,11.883
Pt1Sb1Tb1,5.66714
B1C7,145.22
Fe4Si4Ta4,6.57721
Hf3Rh3Sn3,2.84684
B4Nb6,26.7366
O3Re1,21.7342
Er3Pd3Sn3,1.82966
Hf2Si4,13.8866
C4Os8Zr16,3.71596
Ag2In1Y1,1.15397
Nb1S4Tl3,2.40303
P4,24.2209
Ge4Ir4Mn12,2.16236
B2Mg16Rh8,1.44628
Hf4P4,9.63376
N4Ni8Ta16,4.82
O8Pt6,1.8683
Ga4Ir4Y4,1.32207
S12Y8,3.30379
Hf4Pt12,3.58083
Al36Mg6Mn4,0.845425
In1P1Pt5,2.67249
C1Zr1,9.29651
Ir1N1,2.76067
Co4Sn4Tb4,2.79122
Cd6Ho2,1.28213
Zr2,14.7003
C6Si6,34.5239
Na1O3W1,13.6807
C2Cu1Rb1,4.80304
Co4Sb12,2.60437
La1Te1,7.41475
Li2Pd1Sb1,1.72066
Ge4Rh8,2.8744
Ge4Pt4Y4,2.96414
Ru4Si4Ti4,8.77734
F14Sr4Zn3,1.38888
B2Ge6Ta10,6.25204
Te2V2,3.95089
Al1Ba1Si1,7.98932
In3Zr1,5.45224
Ru8Sc4,1.16162
Al6Hf2,10.4611
Mg4Se8,2.44329
Cu4In1Tb1,3.18707
Gd2O8V2,5.37694
As1U1,0.781781
B4Mo4Nb2,21.3483
Al1N1,106.722
Au2Ge2Tb2,3.20744
Al1Cr1Cu2,3.62766
La1Pt5,3.7594
Li2Ru2Sn8,2.32989
Dy2Tl2Zn2,3.03407
As2Hg2K2,1.04089
Hg1Li1,1.19085
O3Rb1U1,10.1735
Al14Th4,3.38768
Al1Ru1,25.7684
Pt3V1,6.02183
Mn4Te8Zn2,0.234734
Rh4Sb8,3.04865
Rh4Si4,6.35458
Ge4La2Rh2,3.12372
Na2Pt4,3.77908
Cl4K2Pd1,1.18727
Ce4In2Pt4,1.90286
Ba1Ge3Pt1,3.12221
Ga2Y2,8.33868
Cd4Dy16Rh4,1.28642
Ba1O3Ti1,16.6821
Br6K2Re1,1.00021
Dy2In2Zn2,4.01433
Cd3I6,0.625531
Co1Nb1Sb1,9.98823
Ru8Sn12,2.20135
Li40Pb12,0.411493
Al4Ba1,4.98715
B2Zr1,88.4071
Al1Au2,0.961978
As16Mg24,1.12848
Ir1Mn1Sb1,3.68016
Ga3Hf3Rh3,3.55866
B2Hf1,75.6007
Ba6Pb10,0.570515
Ho6Tl10,0.439519
As1Cd1Pt5,2.28711
P12Ru4,9.26468
Ge4N8Si2,16.2028
C1Ni3Zn1,2.98737
Al4Ni2Y2,6.69616
Os4Te8,4.58186
Ba1O4S1,5.87666
Ca6Ge26Ir8,1.21055
Pd4Sn4Y4,1.63572
O4Os2,10.2115
Ca1Pd1,4.19746
Ir4Nb4Si4,9.67596
Si4Zr2,17.8111
Na6O9S2,2.77532
Ir1Si3Y1,8.63011
S1Tb1,9.54719
Al2Pd5U1,2.60759
Au4Bi2,0.848172
C4Cr2Sc2,25.97
Pd6Si3,2.03844
Co2Zr4,3.04521
Au2Er2Sn2,2.72302
O4S4Zr4,5.46648
Pa2Sb4,3.71887
Te4Y2,2.86735
Pt4Si4Th2,4.2788
Rh3Th1,3.94551
Dy4,5.71828
Ce2O4,6.72636
C1Ho1Rh3,7.8111
Be6P4,16.5215
Os1Ti1,35.3901
In3Pt3Th3,2.16296
Be26Hf2,14.1184
Mg2O2,10.5539
C2Sn2Ti4,12.4211
Mo6Sb14,2.17027
Ir3Ta1,26.255
Ir8Sn26Yb6,0.417524
Au8In8Sr4,0.217179
Au4Sb8,0.608544
Al1Os1,24.8158
Ba2Cd1,1.90106
Nb4Pd4Si4,5.55734
Ni2Sn1Ti1,4.8569
Cs1,0.196911
Co4Dy4Ge4,10.4245
Au1In2,0.950417
He8Ne4,0.0423603
Ir1Si3U1,6.5399
Ge8,3.20529
Ca1Ga2,5.45889
As2Au2Ca2,2.34639
B2Co2Y1,26.3414
Nb6Os2,9.07991
F5U1,8.01631
Mg1Tb1,6.64981
Co2Ga1Mn1,4.26312
Ba2Te6,1.91526
Br6Ca2In2,0.519143
C60Sr6,5.74134
Al4Yb2,6.13651
Er4Ga4Pd4,0.998863
Bi10La6Sc2,1.08569
Ba1O3Sn1,7.688
Mn4Ni4Si4,2.69993
Nb3Re3Si3,12.8124
La1Tl1,1.83084
Au4Ho8,0.971274
Be1Rh1,20.5245
B4N4,22.6644
O8Si2Zn4,6.99851
Au1Yb1,0.915115
Ni4P4S4,5.28631
N8O4,5.12946
Fe1Ga1Ni2,3.80415
As8Th4,3.62787
Ho16O24,2.16045
Au1In1Li2,1.06687
Ca4Ge4Mg4,3.84284
Au4Ca4In4,0.569401
Er1Pd1,4.43326
Na2Nb2O6,18.5039
Pd2Sb2,1.7239
B12H12Tl2,1.89286
Ge4Hf4Pt4,4.03581
Si6V3,10.2546
La2Rh4,3.44221
Pd2Sc1Sn1,2.92126
Mg1Ni2Sb1,3.62403
Cs1F3Pb1,1.12304
Cu2Zn1Zr1,4.03791
O12Rh4Tb4,3.24417
Na4S4,2.04933
Ti1Zn3,3.75237
Pb1S1,6.10266
C1Ru3Th1,13.4629
B2Mn1,113.623
Cu2Er2Si2,7.74222
Br2In10Se10,0.737562
C1Si1,60.7937
In4Ir4Tb16,1.7586
As2Ba1Ru2,6.72884
Cd33Na6,0.168069
Au1Pb1Y1,2.82587
Ag2Ge1Li1,1.19221
Ir3V1,27.5918
Hf4P4V4,9.47271
Cl6K2Re1,1.73555
Sn4Tb2,3.34686
Ir1Sn2,2.16977
N1Ta1,48.3542
Br4K2Pd1,0.746429
Ge8W4,7.78612
Co4Ge4Mn4,5.05431
Ir8Sc22,1.64529
Ag2Bi2K4,0.517687
Cu2Dy1In1,3.50893
Al1Li2Pt1,3.94679
Dy1Zn1,7.77467
Ba2Pd2,1.4559
C2In2Nb4,14.7137
C4Co2Sc2,16.7319
Al12Tc2,7.34628
Bi8Ir4,1.98503
Al2Au1,2.98829
Ir4Sb12,2.72767
Cd1Pd1,3.31255
Ni2Tl2,1.21583
Cu1Ti2,15.9117
C1Y1,19.4086
Rh4Sb12,2.275
In1Ni2Sc1,6.19793
Ba1O3Pb1,5.00562
Mg2Pb1,2.85965
Li1Tl1,1.49571
In1Pt4Tb1,2.76246
Ag2O4Sc2,2.61324
O1Pb1Yb3,3.88396
Ba2O2,3.25459
Ge4La4,4.11553
Cd1Cl8Na6,0.712819
Ge4Rh4Ta4,5.43679
Os4S8,8.91592
B1Be2,79.8454
Rh3Sn3Th3,3.16686
La1Rh2Si2,11.9998
Se4Tl4,0.707499
Co2Te4,2.74201
Ca2Pd4,2.24617
Ho3In3Pd3,1.34196
Au16Zr4,0.663948
La1Rh1Si3,8.32496
Pd2Si2Yb1,3.3065
Bi8Cu8Mn6,0.884624
Pt4Sc2Si2,4.53147
Cd1Se1,2.03323
Pd4Sb4Sr2,0.654346
Ga4Pd4,1.87426
N1V1,78.8914
Gd1O1,10.6193
Na2Nb2S4,8.20829
Ni2Sn1Zr1,4.99108
Fe4Hf4P4,5.44303
P12Tc8,9.21768
Be26Ce2,13.9062
Au1C2K1,4.92026
Cu2O2,1.43012
Si6Sr10,1.99372
In1Pd3,2.57066
K5Sb4,0.771061
C1Rh3Y1,8.19898
C4Mo16Ni8,5.36763
In1Mg3,2.0439
Be1Pd1,4.89646
Au1Mg1,3.09628
Co4Sb12,2.60821
Pt1Ti1,2.13336
Fe4P4Zr4,6.81398
As1Zr1,14.9441
Th1Zn4,4.22784
Se1Tb1,4.93335
Nb2S2,16.6184
Pd2Ta1,7.50289
N4Re2,25.0373
Ge2P4Zn2,5.07817
Er10Ge6,3.87765
Sn1Te1,5.36039
Dy1Ru2Si2,12.8768
B2Ce1Ir3,9.95806
Ag1Au1Zn2,1.08876
Ba1P2Rh2,7.68038
P2Sn6Zr10,4.87582
Cl1Rb1,0.837648
Ba1Pt1Sn3,1.52975
Bi4Rb12Se12,0.365827
Hf1Ru3,12.5399
Dy2Ga2Zn2,6.08711
Ag36In16,0.205451
P2Ru2Y1,16.3747
Ho4O14Sn4,4.25834
Fe2Ga1V1,23.2164
C2Ga2Ta4,13.4218
C6Ir10,2.33863
Ce4Os8,1.30507
Al1Li2Pd1,2.80602
C1Mn3Sn1,11.2367
Rh4S8,1.94679
C1Pt1,3.85442
C6N8,61.2345
Mg4O8Sn2,4.63605
Au1C2Li1,6.58631
Ag2Bi2Yb2,1.2386
B16C8Sc8,15.3997
Pt2U2,1.77279
Fe4Nb4P4,12.8386
Ni4Si4,3.41492
Co2Ga1Ti1,31.807
Bi6Tb8,1.15816
In1Ni1,5.21338
Hg1Sr1,1.92926
F3La1,3.49061
S4Zn4,3.51418
Bi4O14Sn4,2.57219
Ce4Os8,1.24431
Ni1Sb1Tb1,8.36286
La3Sn1,2.63259
B2F10Li4,4.24081
Cr4O12Te2,6.43882
Br2Cu2,1.07008
La10O3Si8,3.21651
Ca4O12Rh4,3.53915
Cu2Zr2,3.10384
Au1Er1Ni4,3.82708
Ba4P4Pt4,1.41081
As4Nb4Ni4,4.31348
Si2Y2,15.8899
B4Sc2,31.5851
Dy3In3Ir3,1.83382
Li84Si20,0.728999
O24Se8Sn4,1.74422
In1Sr3,1.33098
Ga2O12Y6,4.24501
Cu3Te4V1,2.49759
Ba1Pd1Sn3,1.40064
Au1C2Rb1,4.06764
Be2N4Si2,41.6612
Al1Tb1,9.82754
B1Hf1,27.0666
B8W4,22.5317
Cd2Ge2Sr1,0.614525
S2Zn2,5.45186
Er1In3,2.52106
Hf2W4,12.0792
Br9Rb3Sb2,0.505013
C4Nb8,15.642
As1Ho1,14.6724
Ge2Ho2Sn2,3.94743
Pt2W1,14.6489
Ce1Te1,4.01069
Mg4Pt2,4.49778
B6Os4,19.4407
Au1Dy1Pb1,2.63378
H1Rh1,10.0807
Fe8W4,3.29329
Mo1Zn7,2.89929
Sn3Y1,1.20763
As4O12Sr2,3.96712
Ca3Cd3Sn3,1.45146
Au24Ge8Na8,0.217615
Ho1Ru2Si2,12.6234
Au3Cu1,1.63267
O8Si2Zr2,11.6101
Ir1V1,17.3302
C2O4,13.3189
Ba1Mg2Si2,6.89108
Cd1Cu4Er1,2.58204
Ag2Y1,2.25299
As4K12Se12,0.46922
Au4Yb4,0.876301
B2Ta2,44.0279
C4Ir2,8.17866
As2Sr4,3.18423
C2In2Zr4,13.5954
Ru1Sb1Zr1,6.76133
Ba1Ge3Ir1,4.27227
In4S10Zn4,1.46726
Ba2H2I2,1.17032
Ho1Te1,3.6382
Au2Sn2Tb2,2.27551
N4W3,7.69534
N3Tc3,19.6203
Ge2Ho1Pd2,2.3348
Au2In1Th1,0.595008
F3Sc1,7.78231
Pt4Sc4Si4,4.11265
Dy1Ga3,3.76552
Ir2N2,5.74304
B1Rh3Zr1,11.7181
Pb2Sr2Zn2,2.09338
Ca2O2,6.46607
Al2Ge2Y2,7.4396
In1P1,6.5522
Pr1Tl3,1.08623
Ag2Zr2,4.37408
Be26Lu2,12.6346
Al2N6Ta8,6.4634
Cs2O12Te4,2.95947
Al2Dy2Zn2,6.97469
As1F6Na1,2.43343
Cs2Cu2O4,1.45598
Ge4Rh4Tb4,2.83128
O12Se4Sr4,1.96625
Cd2Sc4Se8,1.30609
Er3Rh3Sn3,2.58048
Cd1Dy1Ni4,2.66903
Hg1Te1,1.0645
Tl3Yb1,0.220066
Ca1Rh2Si2,12.5234
C4Si4,44.7162
Sb6Zr6,4.94251
Cl2F2Yb2,2.16643
Ho2Pt4,4.40013
Ni12P7Yb2,2.20535
Pt2Zr2,5.84434
Ba1Hg1,1.5592
Ge2Mg2O6,4.25803
N3Re3,17.7863
Er4In2,2.7617
La4O4Se3,3.2937
Cs2I6Pd1,0.455577
Co1Si2,10.4523
Cd2Ho4S8,1.58386
V4Zr2,0.256097
Gd8S12,2.72927
C60K6,6.19389
Cl2Mg1,4.94904
Er10Sb6,1.78478
O6Pt3Zn1,3.12374
Er3In3Pt3,1.40254
C2Si2,70.3929
Ni6Ta2,5.7656
Ge6Ir7Yb4,3.44758
Ca2Zn26,1.02746
Cu18Ga15Mg6,0.656778
S12Sn2Ta6,5.03231
Si4Ti4,13.932
B2Pt2,3.94053
O10Ti6,5.9605
Cd24P16,0.495852
B1Rh3Sc1,12.0816
O4W2,19.1694
N4Se2Zr4,8.2412
Cr4Cu2Se8,0.888126
O3Sr1Ti1,21.4744
Dy1Ge2Ru2,7.2577
Pt8V1,2.45724
In4Mg2S8,1.53715
F12Li2V4,2.58142
Ag1Cd1,0.614437
Ir6Si2,7.52045
Ru4Sn6Y1,2.99179
K4O6Pb4,1.62271
Dy3Rh3Sn3,2.25861
Ho2Si2,12.191
In16O24,1.63955
Cd4Sb4Tl4,0.358543
Mg2Pd4Tb4,1.57878
Ir1Sc1,16.4668
Hg3La3Pd3,1.08301
Pd8Se2,1.14176
Bi4K12Te12,0.329715
B2Cr1,40.0569
Ge3O9Sr3,2.89562
Au1Ho1Sn1,3.36219
Ge4La2Pd2,2.76972
Gd4O14Sn4,4.03794
Er3P6Pd20,0.646428
Ag4As4S4,0.708433
Ir4P4Se4,6.81382
Mo2Ni2P4,12.1749
C4Ni8W16,5.41372
H30Th8,1.14735
Bi4Ga4O12,3.34915
B6Tb1,14.1624
Ge4Ir4Y4,2.33309
Au2Ca1Si2,2.55545
Cu2F6K2,2.44734
Ge4Ho4Ir4,3.75018
Hf4Ni4Si4,7.97061
Hf2La6Sb10,1.81641
Re3Si3Ti3,14.4911
Ce2,3.50088
C1Ca1Pd3,0.884144
Li1Pd2Tl1,1.6241
Cu4Ho4In2,1.73221
Dy4Si4,7.70706
Rh3Ta1,19.2166
N12Rh4,13.6278
Re8Sc4,4.64636
O2Th1,15.0171
Ag2Cl2,0.491672
As1Mg1Pt5,3.24756
As2O8Tb2,4.84113
Yb1,4.4612
Ag4Al4O8,2.40141
Dy12Rh4,0.729881
La8S12,2.1284
Ni1Si3Sr1,7.95615
Er2Ge2,7.60724
Ag3Ge3Tb3,1.04216
C21Si21,14.8129
Lu4Mn2S8,3.82868
As12Co4,4.54874
Rh1Sc1,15.2579
Ba6C60,6.66387
B14Mn2Y6,14.9724
Cd1Cu1Sb1,0.208748
Al2B2Ru3,10.5047
Cu2Ga2Te4,1.366
B1Tc1,56.7175
B2Sc1,90.2972
B1Pb1Sc3,12.9809
Dy3In1N1,8.94321
Au2In1Ti1,0.768261
As2C2V6,6.85339
Ce4O28P8,1.94692
Hg4Pt1,0.84306
Cu2Si2Y2,8.86952
Rb4Te2,0.393993
C1Ir1,13.4162
Cu2Dy2Pb2,3.30965
Co3Hf3Sn3,2.10972
C2Ho1,10.7218
In1P1,5.90485
Cu1Mg1Sb1,4.30762
Ru2Sb4,7.82372
As4Na12S12,0.917617
Dy1In1Pt4,2.81977
As4Ge2Zn2,3.16403
Fe1O3Sr1,8.0483
Cs1K2Sb1,0.798508
Er16O24,2.30729
Nb2Pt6,4.51993
Au8Er8Sn4,0.860742
Si2,26.1868
Bi1Tb1,6.57409
Ga3Pt2,1.85892
Th1Tl3,0.823113
Ir2Pb2,3.13362
B8Ir4Mo8,8.03588
Ge6Ir7Sc4,5.19592
Ir2Sn8,1.871
Ca24N16,1.73153
Ni3Pd3Si3,3.53118
Te1Zn1,3.84629
F3K1Ni1,4.1857
Al2H8Na2,3.87583
C14Si14,19.3853
Hg1Y1,3.12497
Er1Rh1,8.00106
Al2Li1Pt1,7.86111
Ho1Rh3Si2,11.1814
Ag2Er2S4,2.5908
N4Nb16Ni8,5.45131
La1Ru2Si2,15.8371
Sb1Th1,4.60296
Ba1Se1,4.57279
In3Tb1,2.81461
Mg4Pt2Si2,4.68716
Bi8Th6,1.65371
Al8Sb8,1.94949
Ge6Lu4Ru7,4.11623
Bi4Pt4Se4,1.11989
Co4O14Sb4,3.85683
Si4,16.4375
Nb1Ru1Sb1,11.4835
Ge6Ho4Ir7,4.69782
Br1Li1,2.24885
Ag2Br2,0.46751
Ho4Ir4Si4,5.10476
Mo4Si4Zr4,10.5704
Ag2Ba1Sn2,1.33135
Cd2N2,2.237
Nb1O3Sr1,11.4654
B3Pt6Y3,2.7724
C2Cr4Ga2,4.27086
Nd1Pd3,4.34571
Be1Se1,23.4286
Dy4Hf4O14,5.90862
Al1La3N1,7.41522
B8Dy2Rh8,4.80935
Ag3As3Ca3,2.54784
As3Cr3Ni3,3.33409
Bi2Pt2,0.882094
Ga1Li1Si1,8.51019
In2Li2O4,7.31391
B8Dy4Os4,9.13928
Ag4Sr2,0.87585
Ir4Th2,6.02065
Rh4Sb12,2.27515
F4Pd2,1.67099
Ni1Sc1,10.4509
Ag1Ho1,3.79173
As4Ge3,3.68437
Lu4Mg2S8,2.60112
Hf4Pt4Si4,6.18341
Ag2Er1In1,0.905129
Cu4In1Sc1,4.03299
C2Ge2V4,15.6237
C1Cd1,2.96884
Ca6Cr2N6,6.09239
Os4P4Zr4,8.46697
Ag8Sr8,0.530057
Ge4Hf4Ir4,5.28561
O1V1,25.0924
Mg1O1,44.6395
K6Se6,0.628184
Ga2Pt1,0.440446
Cl3Mn1Tl1,1.28891
Ba1Li1Si1,4.26982
Sb8Tb4,1.9415
C2La1,10.265
La2Sn4,2.25092
Al1Tc2,24.9752
In2Na10O8,1.32893
Li8Mg4Si4,3.83951
B1Ho1Rh3,9.80238
N1Na3,1.91205
Al2Co1Zr6,7.86888
Ge26Rh8Y6,1.77998
N8Si6,21.8677
Hg1P1Pt5,1.87905
C1Sc3Tl1,14.2133
Cu2Ho2Sn2,4.46413
Ba6P8,1.77483
Li2S1,9.92894
Al4Cd2Se8,1.51157
Pt4Sb4Se4,1.57388
Sb1Tb1,9.38265
B6H24Y2,3.08241
Pd3Sn1,2.87894
Er1Ni2Si2,8.87981
In2S4Tl2,1.59398
Ru8Si12,6.94535
Al3Nb1,27.4304
O28P8Si4,8.01906
Al1Ti1,20.0674
Co4P12,8.88978
Al6C8Zr4,16.2974
Au2Sn2Y2,2.30734
Ge12Ir8S12,1.87931
Pd4Sb4Se4,1.24442
S4W2,17.3128
Co4P12,8.87044
Al8C4Nb12,8.56073
Ni2O2Zr6,6.3661
As2La1Ni2,6.61124
Al1F3,17.2537
Rh2Si2Th1,12.4583
Bi4In4O12,2.26327
N2Re2,29.4751
Pd3Pu1,2.3161
Ca2Si4,5.56924
Na4Ni2O4,2.61306
Te2Zr2,7.39445
Bi2Co1Hf6,5.21133
Ho2Mg2Sn2,4.42545
P2V2,17.8514
Ge2,5.27108
Cu2Sb2Yb2,2.9805
Nb1Rh1Sb1,5.15086
O24Tb16,2.05475
Si4Th6,4.30489
Ga1P1Pt5,2.99711
Au1Pb1Tb1,2.72298
Cu2In1Ti1,4.08727
Ho1Ir2Si2,14.2106
Mn4Si4Tb4,5.22674
La3Pd3Tl3,0.836206
B8Th2W2,19.3883
B4H16Hf1,13.1745
Au1Li2Tl1,0.34524
In1N1,18.5531
Pd6Tl2,1.28457
H2Ti2,9.50856
Er1Hg1,2.48399
H2V1,15.6993
Mn1,20.9082
Rh4Sb4Se4,3.48454
Ca1O3Zr1,15.2909
I2La10Sn6,1.59877
La1Tl3,1.21099
Ga6Hf6Pt6,3.01923
Cu6Se4,0.738414
Co3Ge3Ti3,8.03578
Ge4La2Pt4,1.88749
Ru2Si2Y1,14.3409
Ir4Sc2,9.28595
Si2Zr2,21.6445
Ge3Pu1,3.54769
Ca24N16,1.71879
Ge8Y6,3.84335
Pt2V6,9.42643
Gd1Mg1,4.67375
Ca1H3Rb1,3.18739
Ti1Y1,7.63154
Al2H8Th4,3.2761
C1Ge1,45.5096
Cs3I9Sb2,0.394267
Al8Mo3,12.8291
Bi1,3.10233
Ba1O3Pb1,0.724576
Mo6Si2,14.8
Hf4Rh4Si4,7.28241
Ga1Li2Pd1,1.88047
Se4Ta2,6.44517
Pb2Th2,2.04598
Ge3Os3Sc3,8.99117
Cd4Nb4O14,2.66189
B1La1Rh3,5.12828
Cs2Cu2F8,0.756474
Cl1K1,1.2452
Hg1Ho1,2.46276
Pt4Sr2,2.73477
F3K1Mg1,5.14335
Al16Pd7Zr6,3.76232
Mn1Pt1,6.61807
Cd4O8Sn2,1.9816
B8W4,22.5661
Na4O12Sb4,4.1828
F4Si1,23.3813
Ba1Pt1Sb1,2.28195
Co2Se2Tl1,0.734211
Ca1Tl3,0.4396
S4Y2,6.83192
C8Dy8Re4,5.89855
Cr1Rh3,13.6772
Cu4Ge4Zr4,4.53258
Au3Cd3La3,0.535871
Be26Zr2,16.0662
Cl10Cs2Pb4,0.644584
Ge4Mn4Yb4,2.27954
Ho1Pt3,4.39442
La2Pd2,2.22592
C8,62.609
Al4Sr2,5.50233
Ir4Lu2,6.90356
Co1Sb1Ta1,9.65301
Er2H2,9.4282
Ca2Sn2Zn2,3.43171
Co2Si1Ti1,6.29005
Dy2Si2,12.3647
C1Hf1,6.91025
Sc2Si2,17.6847
Cl1Cs1,0.470616
Ge4N8Sr8,2.48757
Ce1Se1,11.9189
Ho1Pt1Sb1,5.79693
In2Sc6,5.43107
Rh3Ti1,16.8462
Fe2In1Ti1,12.45
Hg2La1,1.39155
O8Sn4,3.02075
Ho5S7,3.41049
Ca4Mg8,2.122
Dy4Rh6Sn10,1.19701
Ge4Rh4Tb4,1.97505
Pd4Sn4,0.677527
Cu4Ge4Hf4,3.76841
In2Li2Te4,0.989041
In2Th4,2.32997
S1Yb1,10.6078
Nb6Sb2,9.169
Cl6Rb2Te1,1.0914
Ge4La1Rh6,4.09818
Hf10Sn6,2.12168
Cu4Sb2,1.88495
Hf1N1,9.42413
Ga1La3,1.53473
Ba1Ga2,3.27235
In1P1Pd5,2.42942
Cl6Te1Tl2,0.788915
Er4Pt4Si4,3.72015
O1U1,12.2363
As1B2P1,43.4143
Ge4Ir4Sc4,4.66716
Bi1In1,1.68229
Hf4Ho4O14,5.91332
Mg1Te1,2.68598
Mn2Nb6S12,5.93815
Mn2Si2Tb1,6.4601
Ni1Sb1Zn1,2.97314
Bi1N1Sr3,4.97795
Rh6Th14,1.177
Pt3Yb1,2.40977
Ba2Cd2Ge2,2.01508
Pb2Se4,1.55008
As1Y1,16.4124
Mn2N6Sr6,1.70322
F8Pd4,1.51782
Pt2Ti6,6.29015
Fe2Si2Tb2,8.52781
I1K1O3,4.97774
C4,116.901
Ge1Mn1Pd2,1.79043
Au7I1P10,1.10904
N4S2Zr4,8.86859
Dy2Si4,1.82052
Ge26Ru8Tb6,1.34353
Ni2Sb1Ti1,3.79611
Ho1Os2Si2,11.827
Ca1Pt5,3.9238
Cu3Pt1,3.10191
F4K2Mg1,2.67417
B6Nb4,31.8674
Ce1Se1,6.16872
Nb6Tl2,2.32625
Ba2Br2H2,1.23482
Al4Dy2,9.50178
F1Rb1,0.943421
Ge3La1Rh1,4.82565
Ho2In2Zn2,3.84946
S1Zn1,8.40003
Ho3In3Pt3,1.52288
Dy1Ni1Sb1,8.50417
Ni1Sb1Ti1,8.30773
C1Si1,113.193
Be4N4Sr2,11.6807
N2Re4,19.8108
Ru1V1,10.2948
Zn1Zr1,12.747
Ge2Rh2Th1,7.24746
Cu2Sb2Yb2,3.08599
Ho1In1Pt4,2.78102
Ga1Ni3,2.53251
Al2Se4Tl2,1.81809
Ir1Ti1,18.5368
La1Zn5,2.54684
Cl1K1O4,3.59182
Bi4Pd4Te4,0.813256
In1Pd2Sc1,3.73186
Re8Zr4,2.98482
C1Tc1,2.60769
Ir3Te6,3.52419
N3Ta1Th1,20.6636
Al3Pt3Zr3,3.28246
Si2W1,44.8416
Er1In1,3.64419
C1Dy3Pb1,7.24807
Ir4Sb12,2.73054
Pd1Sc1,6.31669
Sn3Tb1,1.14172
Na2O4,3.22926
Ge4Ni4Ti4,5.88159
Cs2Fe2O4,1.23136
Dy1S1,9.67909
Ge4Pt4Se4,2.96155
Hf2Zn4,5.99976
Er4Ge4Rh4,3.00239
Pd3Sc1,6.00566
B1Er1Rh3,9.82296
Bi4Rh4S4,2.81201
Cr3Ge3Nb3,7.25123
N8Sn6,3.9528
Dy3Ga9Ru3,2.9415
Ba1Cu2S2,2.69242
Fe2S6Ta9,4.48893
B2Ho1Ru3,8.42641
O12Ta4V2,6.97398
Mo6Pt2,5.3336
Ni2P2Zr1,5.29279
F4V2,3.15852
Co4Sb12,2.59584
La2Pt4Si4,3.58235
As2Na6,1.2544
Au2Ho1Si2,2.90027
Er2Ir4,7.243
Al8Fe4Y1,2.61203
Ag2Th1,2.79052
O8Pd6Tl2,1.14946
Al4Mg2O8,11.24
Al4Hg2Se8,1.22804
Au2Dy1Si2,3.10321
O12Sb8,5.58758
B6V4,39.3806
Ca4In4Pt4,1.09828
F12Y4,3.60969
La4S4,3.63708
O8Pd6Tl2,1.12873
As4La4Te4,2.74677
Gd2O2Se1,8.95983
N4Pt8Zr16,2.62195
Cd2Dy4Ge4,3.44634
Au2Si2Sr1,2.85255
Mg2Sc4Se8,1.64241
In1Y1,4.24142
Li2O8V4,9.36476
Ge3Rh3Sc3,6.37031
Se4Ta1Tl3,0.953436
O4Sn2,7.04549
Au2Y1,2.85512
Cd2Se8Yb4,0.29051
F8Mg4,4.38928
N12Ta10,9.78748
Ni8Si4Zn12,1.70051
Ni10P6Sr2,3.16608
Ca8Cl12O2,0.931659
Ir8S12,4.01931
In2Tb4,2.88195
As8Pd4,1.88834
S8Y4Zn2,2.87935
Ag1C2K1,4.29392
In2Rb2Te4,0.975502
Sr1Zn5,1.41653
Bi2Cu1Zr6,4.835
Co4Sn4Y4,1.63831
Na12Sb4Se12,0.647884
C2Hf4S2,15.9407
In3Ir3Tb3,1.86197
In2Lu4Pd4,1.96599
C4Nb16Ni8,4.25778
Cs2F4H2,0.755878
O8Ti4,11.6067
Ge1Te1,9.83226
Er4Ge6Rh7,3.72941
I1Tl1,0.440301
Co2Mo2P4,9.99331
As4Ru2,12.0448
K2Li2Se2,1.76175
Be4Cu2,19.0176
Al2Os1,32.569
Cu2La2Pb2,3.10657
Co5Y1,4.02615
Hf16Pd8,1.0386
Ru2Th2,3.37183
Cl6K2Ti1,1.48494
B4C4Ca2,26.8319
Ir4La10,0.719955
Ga1Mn1,6.29807
K4S2,0.556778
B8Cr2,54.8337
Ag2Sb6Zr10,3.25201
Dy2Rh4,4.8964
La1Pd2Si2,5.91852
Mn3N1Pd1,4.13613
C11N4,39.9334
Ir2W2,21.6256
Ca1F2,6.11937
Bi10La6Mg2,0.455163
B2Ti1,110.252
Pt8S8,1.70531
K12S12Sb4,0.587073
B4Mo6,19.2625
Hg4Mg8,0.469656
O4S1Zn1,2.38717
As4Pd4Tb4,2.61692
H3K1Mg1,6.53416
Mg1P1Pd5,2.73491
Sc1Zn1,12.2107
F2Xe1,2.74264
Ni16Si7Ti6,3.80385
K1O3Ta1,19.2577
Sb2V6,7.40081
Pd6S8Y2,1.01228
H1Ta2,10.5731
Al4S8Sr2,3.83887
Al2La6,1.39218
Mg12Ru8,2.75366
Al9Ba1Co2,6.98161
Al8Y12,3.19249
C1Pb1Sc3,12.1025
Na16Sb8Sn2,0.347404
Fe1Ru2Sn1,6.25432
Si34,2.54935
O4Te2,5.12679
I2Li2,0.932258
Pd4S4Sb4,1.4433
Nb1Zn3,9.73261
H2In2O4,6.12877
Ca3Pb3Pd3,1.08459
Ir1N1,6.79186
Au2Sc2Si2,5.39991
Ir4Y2,7.86356
Fe8Re12,5.77256
In1Ni2Ti1,8.80582
Cl2H12Sr7,1.48238
Ir3Zr1,19.5578
O3W1,24.0636
Cd2Y1,3.98638
Ga1Ir1,7.29024
Ba1In4,1.22572
Au2Ca1Ge2,1.05432
Co1N1,47.798
Lu2Te4,1.69267
In2Li2Se4,1.43985
Ir2Si2Th1,4.14954
Fe1Sb2Zr6,5.8545
Al3Pd3Th3,1.67949
Al40Pr2V4,2.12251
B12Hf1,31.5612
Cr4O8Zn2,6.61224
In4S8Zn2,1.81066
Ag2Ca2,1.334
Au2Mn1,1.22095
C1Re1,61.9783
Si6W3,15.1604
Be2Li2Sb2,6.90911
Er4In2Ni4,2.31769
Au1Er1Sn1,3.40276
Ni1Sb1Y1,9.80227
Bi1Pd1Yb1,1.36512
B6Ni21U2,1.64721
As2Ca2Rb2,1.4068
Al1C1Er3,14.0139
Rb6S6,0.625174
Pd1Yb1,3.26732
B2Mo2,43.3023
Lu1Ni1Sb1,10.5306
Dy1Rh3Si2,11.319
Au5K1,0.681375
Al1Rh1,25.1508
As1Tb1,14.4989
C4O12Sr4,4.93664
Cu7Zn16Zr6,1.50352
Cl6Rb2Sn1,0.740265
Cl8Th2,2.41154
Al8Tb12,2.17162
Hf4Ni6Si8,4.94141
Pd1Ti2,9.75943
Ca2Pb2Zn2,1.86408
Si8,11.3035
Li2Mg1Pb1,1.91868
Cu6P2S8,1.63022
Ba1Pt5,3.01352
Ga3Ni2,5.0891
Ag3Si3Y3,4.55412
Au1Cu4Dy1,0.878584
B2Ir6Sn5,2.21468
Pd2Sb4U2,2.73859
Ir3Sn3Zr3,3.83511
Cu1Ge6Ho2,3.76637
O4S1Sr1,3.73259
Br10Cs2Sn4,0.637468
Au1O1Rb3,0.700436
Gd1Se1,5.8004
Au4Bi2Dy10,0.801565
Ge4Ni8Zn12,1.02319
Be2C1,129.108
H10Rb6Zn2,0.660311
B12Th1,30.819
Cr4Mn2O8,4.60207
Nd1Os4P12,6.59694
Pb1Se1,0.951503
Ge7Ni16Sc6,2.21504
Pd1Sb1Sc1,5.94859
O8Zn4,6.29213
Si12Sr2,3.73744
Al36Cr4Mg6,2.18173
Hg2K2Sb2,0.858288
K2Se1,1.36858
Pt4Y4,2.26747
La4Rh4Sn8,1.01087
Ni4Sn4Tb4,2.08929
Ir5La1,6.34466
Cd4La2Pd2,1.30997
Ag1I1,0.687118
La4Si4,6.28923
Hf3Re3Si3,13.6777
B24Re4Y8,12.161
Ca4Si12,4.90322
Er2In2Zn2,3.77714
Cl4O2Pd4,1.01977
N2Sn6Zr10,4.60045
Ru1Si3Th1,8.45664
C2Ga2Nb4,16.5547
Al4O10Si2,12.8372
Co4Ge4Ta4,16.4019
Ca2Ir4,5.36014
As4Ca4Cd2,2.78753
Hf4S2,9.52257
As1Li1Zn1,7.46853
Ge4Ni4Zr4,6.0211
Hg1S1,1.15315
Dy1Tl1,1.86399
Pa6Sb8,1.8987
Si2Sn6Zr10,5.08217
P4V4Zr4,11.1174
Mo3Si6,18.3376
Ho1Se1,4.13686
N8Pt4,11.7602
Ho1Mn6Sn6,0.30926
Hf4Nb4P4,8.50785
Er4Ge4Ru4,2.96156
Ge4La12,1.10876
Al12Dy4,4.45035
Ba1Nb7O9,10.4578
Li2Pd1,2.17507
B6Ni21Zr2,2.3532
B1Bi1,11.8118
Ga3Sc1,3.68794
K1,0.324953
Fe8Ta4,2.51294
P4Pt4Sc4,2.19841
Dy1In1,3.59642
Ru4Sb12Sr1,2.0338
C1Rh1,10.6001
Ce2N2Se1,10.1317
Eu1S1,2.92727
Au2Nb3,5.45603
Al8Fe4La1,2.4668
O8Si2Zn4,5.11332
Cr2Te2,0.398922
B1H4Na1,7.46572
Pb4Y2,2.03079
Au8Nb12,1.80702
Ho4O14Ru4,4.36323
Mg2Se8Y4,1.47126
O2Sr1,9.91837
Cd1Sr1,2.86209
Cd2Dy4Te8,0.683127
Al1Dy3N1,10.451
Hg33Rb3,0.0115074
Cd2Tb1,3.42244
C2,419.731
Hf3Os3Si3,10.4238
Al1Tb3,6.14948
Ba2Cd4,0.38081
Bi1Co1O3,4.5882
Al2Li10O8,5.39709
Mn4O14Y4,4.72584
Al6C6Sc2,20.3263
Au2O4Rb2,1.67784
O3Pb1Ti1,12.3097
Ti3,29.7878
Dy2Pt4Si4,2.59148
Cd3In1,0.127784
Be44Re2,11.5216
B4In5Ir9,3.55795
In2Y4,3.51818
Ge12Pr1Pt4,0.423097
Co3Sn3Th3,3.49518
Al2Sc4,9.83719
B2Mg16Pt8,1.26617
Ag2Si2Tb1,4.60072
C1In1Sc3,17.6782
Ga1Ir1Li2,3.73217
Si1U3,1.70665
Al40La2Ti4,2.08704
Ho4In2Pd4,1.80167
Pt4Si4Y4,4.18421
Dy1Pt1Sb1,5.75835
P8Ti4,10.828
Hf4O12Sr4,5.81689
As4Ho4Ni2,3.77976
Al4Th2,6.0557
Ag4Ba2,1.04424
Be2Mo6,12.6462
Si2Zr4,18.295
Ba2Si2Zn2,3.90337
Cu2Ge1Li1,2.17903
N8W4,5.7741
Os4Si4Zr4,8.37185
N2P2V6,13.4484
Ho1Ir1,7.85403
Ba6O10Si2,3.05649
Cs1I1,0.500102
N1Nb1,36.2585
Be2Zn26,0.531538
Ge4Ir4Nb4,5.83333
Rh3Sn3Y3,2.60334
Al6Hf6Pt6,3.18944
As2Fe2Li2,8.19299
In1Ir1Li2,2.06458
Sb4Th2,2.43995
Be8Cs4F20,0.322151
O2Pt2,3.28977
Ba6Sn10,0.893694
Au2Gd2,1.21337
O4Ta2,14.1696
Co1O1,7.10625
Dy4O14V4,3.03527
Cs2S2,0.646664
Be2Li2P2,12.8329
N3Ta2Zr1,11.5425
Cd4O14Ta4,5.6234
Cl1Li1,3.82212
Ga2La1,9.19381
La1Te1,3.41382
Cd1Ni4Sc1,3.95563
As2Cd2K2,1.84183
C1Ir1,14.6187
As8Ca6In4,1.84501
Al1C1Ho3,13.6598
Al8N4Nb12,7.91366
As12Ir4,4.27218
Hf1Tc1,14.4648
Rh4Tb4Zn4,1.63393
Al8Ho12,2.29906
Br2Se4Tl10,0.295408
Au1Cl3Cs1,0.590329
Pt2Si1,6.15442
Ge1Li1Rh2,9.65804
Au2Ge8Rb6,0.543366
Al4Au8,0.617981
Al1Li2Rh1,4.82719
Cu3Ge3Sc3,5.70797
Cu2Ga2S4,2.72807
Re8Tb4,1.55916
In3Yb1,2.20385
P12Ru4Th1,7.90685
Ni2P2Tb1,10.315
Al2C6Nb8,16.1102
C1Pt1,7.02743
C1Ho3Tl1,1.13863
Ge4Hf6,7.89472
Cd2Te2,1.07363
Pd2Sc2Zn2,3.39178
Ir4Si4Th2,6.15037
N1Na1,3.45413
Mo2Na4O8,7.64514
Pt3Sc1,6.13564
Au3Er3In3,1.87062
Er4Ga4Ir4,1.51593
Al8C4Ta12,6.89445
Cl6Mn1Rb2,0.669902
Cr1N1,56.6018
C1Tc1,5.40894
Ca4O12Si4,8.14339
In3Rh3Tb3,1.65665
Ir2Si2Y1,15.3048
Au2S4V2,3.96334
Li2Sb2Zn2,2.09482
Er1Ga3,4.66657
Co4Mo4P4,4.34111
Ge4Na3Pt4,0.801272
H10K6Zn2,1.03544
As8Na16Ti2,0.705101
Ge4Ru4,7.73882
As1Li1Mg1,9.04879
Ca2N2Zn1,8.05313
Cu3S4V1,4.83634
Hf6Rh10,2.9963
Ga12Pd1Tb4,2.32573
Fe4O11Sr4,3.26311
Au2Ba2P2,2.5545
Ba2Si46,1.81725
Be2Hf2Si2,20.1063
Be5Co1,30.6261
Cl8Co1Li6,3.7919
B2Ni8Tb2,4.69371
Hf16Ir8,1.90249
Ag1C2Li1,5.61394
H1Ni1,9.67705
F1Tl1,0.646273
Ca4Li4Si8,3.90049
Ir8La6Sn26,1.03464
Bi1O3Sc1,8.83105
Ag2Ga2Te4,0.85844
Au1Er1Pb1,2.57804
Mo2Rh6,6.76682
H4Mg2,7.54015
La1Pt2Si2,4.75949
F6Pd1Rb2,1.8634
Br6Pd1Rb2,0.659566
As1K1Zn1,3.52403
C8W4Y4,9.81682
La1Os2Si2,15.7457
Mn2S8Sc4,2.5775
Ga4Sn8V8,2.59599
In1Pt2Sc1,2.77742
C28V32,9.07097
Ir1Si3Th1,7.47095
Cd4O8,2.15515
Ag2In2Te4,0.630393
F3Mg3N1,10.7026
Au2Ge2Y2,3.45205
Ca2F8Pd2,2.06097
Ag2In1Tb1,1.21589
Dy12Ru4,1.87749
As4Hf4,5.63464
Er1Ge2Rh2,6.35092
Ho4Ir4Si4,5.04168
Ho1N1,36.4121
Na3Sb1Se4,1.15192
Ga4Pb2Se8,1.41769
Er1H2,9.63809
Mn1S1,12.123
Ag3Pt1,1.08992
Pd1Sb1Yb1,1.44375
Hf10Ir6,0.827062
Rh5Y1,6.61271
Au2Pb8Rb6,0.281087
Ir4Pr2,3.60998
H4In4O8,4.70357
S2Ta1,22.9479
O14Sn4Y4,4.57745
As4Ni2Tb4,3.6281
H8Sr4,2.19214
Al2Zr2,16.8498
Cd1In2Se4,2.212
Au2Sn2Tb2,2.81761
F3Mo1,5.13902
Li3O4U1,12.9415
Na6O5Pb1,1.94195
Al1Ho3N1,10.8835
S4Sc2Tl2,3.16735
B2Nb2O8,19.3308
Li4Mn4O8,5.61154
Bi1Ho2O2,6.01931
Si1Sn1,7.49859
O6Sr2Ti2,12.185
Pd4Si4Sr4,1.20107
Cd2Ho1,3.46744
Rh4Si4Y4,4.89869
Dy1P1,20.3293
C4,272.257
Ga3Tb1,4.88689
Ca8Ge4,2.06919
Ag3Dy3Mg3,0.688105
B18Li2,33.5665
O12Os4Rb2,9.32515
Cd1Te1,2.21241
Fe2Se4,8.67444
Ag2La2Pb2,2.0517
Ir6W2,13.7485
Br1Tl1,0.52204
As14Re6,3.40014
Al16Ir7Sc6,3.37984
Ir6Nb6,6.12993
Y1Zn1,9.6607
Cu2La2Si2,6.25025
P8Pa6,4.2331
Cl6K2Pd1,1.08062
Ge1Hg1Li2,1.09811
Ni4P4Ta4,6.09382
Rh1Sb1Th1,5.01189
Au2Er1,2.8501
Ba3Bi3Na3,1.15407
Co2O12Sb4,6.78386
B2Gd1,45.3575
Co4Ge4Nb4,7.567
Sc4Tc8,1.76213
F4Sn1,11.3856
Cd4Nb4O14,5.67356
Mg4Te8,1.59949
Mg4O8Si2,10.325
Ca1F3Rb1,2.66995
Co1Ga2Zr6,6.2982
Al4Pd4Y4,1.67832
Na1Nb1O3,19.219
Cl1Tl1,0.590775
Tb6Tl10,0.503902
Al1La1O3,22.272
Ir6Mg6Si16,1.71246
F1Na1,4.67066
C4Cd2N4,0.700637
Sb1,3.83874
Ba1O2,6.66459
Br4Eu4I4,0.479311
Ta1Tc1,37.5016
Co4Sb12,2.60128
Li2Mg1Si1,8.71253
Ca1Ir1Si3,5.68846
Tb2,9.35495
Ca1Cs1F3,2.42221
F3Hg1Rb1,0.775665
As2V6,11.4027
Ge6N8,10.6753
Al8O20Si4,8.99218
O12Rh4U2,3.82191
Pt9Sc5Si7,2.95066
Cd1Ni4Y1,2.70393
Ru2Sb2Sr1,6.10603
Cs8I24Sn4,0.103803
Be2Na2Sb2,3.97761
Ni3Sn1,5.91168
Dy1Ge2Ni2,4.39503
C1Dy3Tl1,1.08478
Ag8Ca19N7,0.909428
Si41,2.41433
B2Nb2Ni2,22.354
Cr2S2,5.96175
Au6Sb8Y6,1.32398
Ho1S1,9.49212
O4Rb2Sc2,6.85733
Ir4Sb4Te4,3.93343
N4Ta2,20.1425
Ag2F6Rb2,0.829701
Al4Er2Ni2,5.75013
Mo6Zr2,1.64266
Si16Ti20,5.19987
Be24P16,6.2643
Er1Ni2P2,9.69237
Se1Zn1,5.4493
Al4O12Y4,8.78906
Cu6O8Pb1,1.60526
Ag6P2S8,0.646044
La4O14Sn4,3.44255
Al6Th2,4.35912
B4C4Er2,20.3828
Au4Ca4Ga4,0.854193
Pt2S2,2.71238
Rh1Si3Tb1,7.22675
Al3Os2,16.9173
Ir6Sn6Zr6,3.03393
Cl6K2Sn1,0.780749
Ni1Zn1,9.70334
Ga3Pt3Th3,2.0683
C1In1Pt3,0.649876
Te12Th7,1.21252
Ga4La4Pd8,0.893828
N8Si6,17.9999
Sc1Se1,7.87107
Cd1S1,2.63546
Al4Tb8,2.8517
Ba4Ge8P8,1.83079
N2Ta2,25.5906
O1Sc1,18.4002
Co8N4Zr16,3.55887
P4Zn6,2.99174
Li1Mg4Si2,2.0204
Al3Cu3Er3,3.69973
I1Na1,0.851748
H6Na2Pt1,4.25043
K2Sb2Zn2,1.76231
Mn1Pd2Sb1,1.91199
Ir2Th2,2.45036
Ge6Ir4Tb6,2.79469
As1Br3Ca3,2.54234
Ca3O12S3,5.81437
Cd4O12Sn4,2.37723
Li3Pb1,2.30068
Er12Os4,2.16967
Bi1Mg1Ni1,4.10048
Br6Rb2Te1,0.574932
Hf2N4,6.7576
I6Pd1Rb2,0.263696
Li8O8Pb2,2.23797
Au2Nb6,5.22147
Al10Ta20,2.51749
Ir4S4Sb4,5.07883
B12Sc1,43.4633
C1Ru1,1.49975
Ca1Ge2Ir2,8.1076
S9,4.10801
Ag2Hg1I4,0.324344
Ga2Hf6Ni1,7.13921
Cr1Ni1Sb1,2.81656
C1Sc3Sn1,16.146
C12,44.067
Al2Fe1Zr6,7.81941
Ca4Nb4O14,8.92748
Eu1Hg1,1.38156
Mg2O6V2,2.32607
Ni16Si7Zr6,3.57962
P4Ru4Ta4,7.84497
As4Zn6,1.27106
Cd4Rh4Tb16,1.28251
Cu2Er1In1,3.42503
B4C2U2,23.7043
Ca4O12Zr4,6.98271
N1Na3,2.02204
Pu1Te1,5.06453
Ge6Ta10,6.25187
Os2P4,21.322
Pd6S2,1.94285
Nb1Pd3,7.05245
Ir4Si4Tb2,4.60419
O8Ru4,9.89981
Pt6Y14,1.03595
Co2P4W2,10.3591
As1Te1,4.06999
Ba2Pb12Rh6,0.75573
Hg10Pd4,0.0851389
Ba2Pt2,1.52192
Ca1Pt1Si3,4.78953
B12Er1,37.3594
H1Se1Y1,14.2347
Ba2Mo6Te6,3.36118
Mn1S1,17.2457
In3Pd3Th3,1.63473
Ag2S6Ta2,3.51391
Dy4Mg2Si4,6.92877
Ho3Pt3Sn3,2.84957
P1Rh2,10.4142
Ge4Pd8Y4,1.46648
Ag1Li1,1.39359
Ca1N2,14.9832
Cd1Ho1,4.53629
H1Ho1Se1,12.3913
Al4Pd4,4.20196
Br6Rb2Sn1,0.456861
Ho8S12,2.85149
O8Si4,24.9604
Al1Cu2Sc1,5.8271
Ir6Sn14,1.33327
C60Rb6,6.75982
Gd4O14Ti4,6.45483
Au2La2,0.662441
Cu2Hf10Pb6,2.16858
Ge4Mg2Y4,6.13715
Nb6Pt2,7.90906
In3Rh2Ti3,4.66471
Cu4Se8,1.34732
F4Mg1Rb2,1.93049
Bi1Dy1,6.39882
Cs3H9Mg3,1.84575
B1Hf1Rh3,11.2408
Ge1O3Pb1,7.38513
Al1C1Ti3,21.4351
Cr2Er2O8,5.86044
I10In2Sn4,0.431356
N1Nb1,66.0028
N2Te1Th2,6.19272
Cu2Sn2Y2,5.02127
Al2Hg1S4,4.45629
Au4Y8,1.2269
Cl1Tl1,0.592328
Ge2,8.77592
Cd2Er1,3.43563
As1Cd1Li1,4.19656
Bi4O14Ti4,3.89553
Co4P12,8.875
S8Zn8,2.31504
La1Mg1Ni4,1.71284
Nb6Rh2Se12,4.84888
Ag2Ho2Pb2,1.94752
Ni4Sc6Si6,6.90123
Pt3Sn3Y3,2.83601
Mn2Se6Th2,2.56696
Ag1Cd1Sb1,0.209793
In4Mg2O8,4.1691
Ba2Ge2Zn2,2.65224
B1C7,124.608
Re8Y4,2.27555
O14Tb4Ti4,6.63451
Bi1Ho1Pt1,4.30266
Si4Th2,2.93156
S1Zr1,12.4994
Dy4Ge6Ir7,4.6709
Al1Nb1Ru2,26.2293
F6La2,3.44611
Co4P12,8.88645
As2Ca1Fe2,10.7168
Ge3Hf3Os3,7.56488
C1Th1,29.595
Co8Ge26Tb6,1.77386
Al1Dy1,9.56531
Pt6Sb4,0.807631
As2Pb6Zr10,3.32607
Al9Co2Sr1,7.46179
In2Te4Zn1,1.66508
Pt4Y8,1.60547
Er2Pd6S8,0.896527
B4C4La2,20.1604
Si4Y2,2.03305
Sr1,2.66941
Bi1,8.19061
Al6Zr2,13.5073
Dy1Pt2Si2,3.49274
As2Cs1Rh2,6.10291
H2La1,6.7022
Ca7Ge1,1.29657
N1Tc3,28.7143
Li2Nb2O4,17.7999
Al10W2,9.83043
Bi1Ca3N1,7.62895
In1Ni4Zr1,3.786
Ag8S4,0.337552
Co4Cu2S8,2.20631
Sn2,2.90827
Al6C2Zr10,7.52648
B2Ca1Rh3,12.1029
As6Sr6,1.95293
O4Si2,46.1115
Ba1Cd2Ge2,1.24185
C10Si10,24.2568
Cd4O12V4,4.43936
O2Zr1,23.9236
As1Pu1,7.80575
Au1Pd3,2.50825
Ge3Ru3Sc3,8.49
Ge4Ir4Th2,3.94444
Cd8Yb4,0.70711
Ga4Pd4Tb4,0.522614
Tb1Te1,4.03319
F20K2Tb6,1.75239
Pd4Se8,2.16554
Co2Dy2Ge4,3.24496
N4Pt2,16.6066
C2Ga2Sc4,10.0791
Hg4K2,0.0863275
Na2Nb2Se4,5.56409
Co8Er6Ge26,1.76847
Ti2Zn1,15.0647
Ho1Pd1,4.11184
Ca3Tl1,1.06871
Cd4Pd2Sr2,0.915474
Cs2I6Pt1,0.537885
Ge4Rh4Sc4,4.09276
S1Ta1,17.8351
Ca2In8Rh2,1.52823
Bi1Cu1Mg1,2.81239
Al6Os2U4,4.12965
Al2N2Zr6,14.8153
N2Y2,18.5086
B2Ta1,47.9423
Si2,16.5235
Ag3La3Mg3,0.807069
As8In8,1.1384
Dy6Ge26Ru8,1.35082
Ge6Mo10,5.47929
Be26Er2,12.7868
Au1Ho1,3.76495
Cu4Mg4P4,3.38746
Mg4Th2,3.5876
Bi1Pd1Y1,4.42091
Au8Li30,0.296593
Pt1V3,5.81527
Ir4La2,5.40661
O8V2Y2,6.43648
O4Re2,13.6076
In2La4Pd4,1.49168
B1Ce1Rh3,5.31949
Ag4Se4Tl4,0.324216
Ru4Y12,2.54817
Ba4Mn4O12,2.63685
Ag16Ca6,0.311928
Er1In1Pt4,2.79145
Ag1Sc1,5.1347
S4Si2,10.7017
Cu1Pt7,2.28524
Al3Er3Pd3,2.34642
Yb3Zn11,0.854927
Al16Ni7Sc6,3.65252
Gd1Te1,3.1224
As8Ni4,2.4538
Ca7Cl2H12,2.4712
Ge2Ho1Ru2,7.04827
Bi1Er1Pt1,4.28002
Cu2Ge2Sr1,4.04382
Er4Mg8,1.73968
Al3Sc1,13.6326
Cl6Cs2Sn1,0.632969
F1K1,1.74494
Ga1P1,13.3617
Al1Au2Hf1,1.29073
B2Ba1Rh2,9.93763
C2Dy1,10.3954
Dy1Sn3,0.986287
Br3Cs1Pb1,0.544202
Tb4Tl2,1.74216
Au1Cs1,0.500054
Al1Y1,12.0523
Cr1Te1,0.0805987
Li6P2,6.095
Dy3Pb3Pd3,1.60263
B8Fe2,13.9531
Na2Se1,2.48774
Dy1Pd2Si2,5.50352
Mn2O3Ta1,7.0869
Br6K2Pt1,0.796806
Ga2O12Tb6,3.42866
As2Bi2O8,2.54877
Al2Ba1Si2,5.29198
Nd1Pt3,3.23184
La4O14Ti4,5.5638
Nb6Si2,10.5796
Al4Y2,11.7594
B2Fe1,24.2745
Al1Pt1,4.79104
Cl6Pd1Rb2,1.35331
N2Os1,21.315
Be4Nb6,11.8315
Ba1S1,5.63285
Ca4O14Ta4,8.30922
C1Pt1,2.40203
Mn1Ni3,4.091
Al6C8Hf4,14.3452
Ag8Pd24Se8,0.24224
Ru4S8,8.45479
Al3Zr1,11.1041
Dy2Pt4,4.28532
Rh4Te8,2.32316
Cr4O12W2,8.187
C1La3Tl1,4.82183
Li2,3.15764
F4K2Zn1,2.27257
Al16Pd7Sc6,2.14066
Dy2Ga8Ni2,2.21704
Ag2P2Sr2,3.28879
As4Er4Pt4,2.33779
Ag4Er4Se8,1.18948
S8Zr6,0.849899
Br8Cu8,0.427473
Dy4O14Ti4,6.58296
Ni2Zr4,1.51424
Ho4Mg8,1.37806
Ga3Pt3Zr3,4.62898
Ge6Ir7Tb4,4.59209
F4Nb1,16.5854
Ge26Ho6Os8,1.71215
Co2Nb8Si2,11.4202
Dy1H2,9.95648
Fe1Ru2Si1,17.4881
Dy2O8P2,7.16596
Al2Y2,10.1234
Hf1Pd3,6.10995
B4C4Y2,22.6142
Al8Er12,2.40611
Ge4Nb4Rh4,6.07234
Al2Hf6Pt1,7.04851
Er1Mg1,11.4835
Cs2I6Sn2,0.348189
As4Pd20Sb4,0.202881
Pb3U1,1.42126
Dy4Tl2,1.76227
Nb3O3,24.5568
B2N2,178.38
Au7I1P10,1.09036
In2Pt1,1.35613
Bi2Rh2,2.01868
Nb4O14Sn4,7.65654
F8Pd2Sr2,1.37904
Au1Rb1,0.662629
Re8Zr4,2.83604
Fe1Te2Zr6,6.75765
Co2Rh4S8,2.68662
La4Rh4Si4,1.24861
Ba4Si8,2.49865
Cd2Se2,1.25962
Pb4Pt2,0.60839
P1,9.3518
Al8Zr4,10.5841
Ni1P4Si3,6.57731
B8Mo8Os4,9.28589
O14Y4Zr4,6.58133
Cu2O4Sc2,4.74294
Se8Th4,1.50382
Ba1P2Ru2,9.50025
Al2C6Ta8,10.7359
P4W12,5.30171
Be6F12,23.1522
Se1Sn1,6.21949
Ge6Ta10,5.44553
Al4Au4Th2,2.70137
Ni2O12Ta4,7.28957
Mg2O6V2,4.55773
Al2C2V4,22.774
Rh9S12,3.02884
P4Ru4Zr4,9.10236
B6Gd1,14.4375
Cl6K2Pt1,1.35828
S12Sc4Y4,2.87168
O4Ti2,22.7614
Mg1Y1,12.4829
Nb1Ru1,2.93998
H2Nb1,16.2956
B4Li8Pd12,0.731396
N3V2,29.8454
Bi4O14Ru4,4.65744
Ba2Te4,1.46276
Hg1Se1,1.31205
Ca4Mn4O12,3.30019
Al2Li1Rh1,9.40332
Co4Ge4V4,6.33757
Au1Li3,0.632118
Ir2Ti6,1.85335
P6Sr6,2.65588
K5Pb24,0.135596
Ca2Rh4,3.58797
B2Tc6,15.1718
C2K8O8,1.59611
Al3Dy1,10.2867
C2Mg2N4,24.3982
Ce1Co1Si3,13.2962
O12Pb4Tc4,2.98668
Co4Sb12,2.60832
Er2Sn4,3.19196
Hg1Ni1,1.28034
Ag1In5Se8,1.17226
Al1C1La3,6.61794
In2Sc4,5.44216
Nb6Rh2,9.9392
Ag1Cl1,0.615131
N4Re8Zr16,3.34655
Mn1Pd2Sn1,2.05658
Ag2,1.31896
Mg4O8Si2,13.9388
B1P1,105.321
N1Pu1,36.6746
Er2O8P2,7.75023
Ni2S4,8.07029
Bi1Li1Mg1,3.78424
Mg2O2,14.3849
Al4Hg2S8,2.11564
Cs1,0.148068
F2Kr1,2.37624
K2Te1,0.893514
C2Tl2Zr4,10.1859
Ba4Cu8S8,1.23115
Y2,20.2194
In1La3N1,6.58575
Bi2Er10Pt4,0.939181
B6Ni20Ta3,2.8229
Li4Sb4Sr4,2.07708
Br2La10Sb6,1.76906
Cd4O12Ti4,4.97296
Er2Si4,2.67336
Fe1Ti1,45.0433
C1In1Y3,13.5189
Gd1Rh1,4.44138
Co2Si4Y2,7.72964
Ti4Zn8,2.64586
Al2Sc4Si4,8.58911
Er4Ni4P4,4.63644
K10Te6,0.450145
Hg2Pt1,0.900617
Cr2F8Sr2,1.96611
Al1Y3,7.63659
Co2Si1V1,8.30361
Er6F20K2,1.92218
Dy3In3Ni3,1.81335
Mg2Si1,15.5421
Nb6Sb4Te10,3.30975
Cr4Mg2O8,6.52937
Te1Y1,4.52453
Er2Hg6,0.491895
Ga1Rh1,6.54377
Cs2N6,3.32689
Cd2Mg2,1.51293
Pt4Tb8,1.2487
Be26Th2,11.1723
Ba1Mg4Si3,5.87975
Ga4Ho4O12,4.28497
O2Zr6,7.73648
Ca1O2,16.6962
C2Nb2,18.8957
Si6Zr10,7.94199
Sb6Sr10,1.29694
Ge1Li2Zn1,4.63055
In12Ru4,1.97655
O28P8Zr4,3.84663
Mg4O12Se4,6.21231
Ag2Cl2,0.522228
Cr4Hg2O8,2.5102
Ni12P7Sc2,2.82127
B6Ca1,28.2052
Cr4Hf2,5.21894
C1Ru3Zr1,23.9718
Al4Ba2,3.9454
Mo1N1,18.8996
Ga1S8Ti4,6.51282
Si46,2.46106
Mn4Pd8,1.42065
As6Yb8,1.09881
Co2In4S8,1.65282
Al4S8Zn2,4.51413
B4Si2V10,18.6293
Pb2S12Ta6,4.46353
Al1Er3N1,11.0693
O8Pr2V2,4.8759
S12Th8,2.35705
Nb2Te8,3.10442
As1Pt5Zn1,2.91769
Ba2Hg1,1.2922
Os2Si2Th1,16.0881
Cd2Mn4O8,2.43845
Bi4F16Rb4,0.5507
Al3Ni2Th1,8.48401
Ru1Ta1,7.8323
Ca1Mn1O3,7.54051
Ca4Sn4Sr4,1.68181
Pt1Zn1,7.97467
Ga3Mg3Sm3,4.54186
B2N2,79.0912
O28P8Ti4,5.41219
Ag6As2O8,0.747144
In1La3,1.37201
K1Na2Sb1,1.6165
Sn6Ti10,2.73628
F4Pb1,5.64531
Ga2Y1,10.5611
Ge1Li1Ni2,6.22501
Rh4Sn8,1.66802
Cu2Ho1In1,3.45826
Bi1Pt1Yb1,2.31339
Ag2S6Ta2,3.63333
Ir4Sb12,2.72038
Al4Pb2S8,2.89392
Au2Ge2Sc2,3.07262
Ir1Si3Tb1,8.28409
B4Pd10,1.80894
Er2Te4,1.68387
Ca4Cl8,0.960523
Ca1Ge2Rh2,7.01438
Se1Tl1,0.164419
H6Y2,7.50123
N3Ta3,24.6641
Ag2In2S4,1.06485
F6K3W1,1.39127
Dy2Mg2Sn2,4.43066
Ho1Ir1Si3,7.70025
Ge4Ir4Tb2,2.36883
Ir4V4,10.7419
Cd2Se8Y4,1.17313
La2Ni2,2.36088
Dy4Ir4Si4,4.99576
O12Si6,7.91396
Bi1Er2O2,5.75289
Ho4Re8,2.3117
Cl1Rb1,0.953933
Au2Yb1,1.05593
Ba1Ge3Pd1,2.62995
H9La4,2.50847
N1Th1,18.9114
Ir3Nb1,27.8626
Al2Zr4,8.43437
Na3P3Sr3,3.10615
Er2Ge6Ni2,3.84183
C1Na4O4,3.84359
O8Zr4,8.33108
Dy4Ge4Ir4,2.1343
Fe4Zr2,3.18196
Dy2Ge2,7.58021
Au8In4K2,0.311537
Cu2Sn6Zr10,3.65049
Mg6Zn33,0.541201
Co6S8,2.30412
Ir2Si2Tb1,14.554
Gd4Hf4O14,5.86906
Ca3N1P1,11.9917
Ba6Cr2N6,3.24918
Al2Li2,6.62954
B6Ba1,33.4225
Rh1Si3Th1,7.39433
Cl16Hg12O4,0.312538
Rh4Sn4,2.60165
O8Ti4,15.6738
Li2Pt1,3.197
Al6Hf10N2,4.03278
Re8Zr4,2.97826
Er4In2Pd4,1.94085
H1Na1,5.44407
Cu1Hf2,11.052
Pt1Sn1Ti1,6.19958
La2Rh2Si4,4.94681
H2Ta1,8.61554
As4Ni4Se4,3.25275
Pb4S4,2.4157
Cr1La1O3,16.9784
Au1Ni4Tb1,3.50802
Al1Mn1Ti2,4.38099
As8Ba4Zn8,1.32349
C1Nb1Ru3,21.1322
O2Pa1,18.0073
Cs4I8Li4,0.163865
Al2Th1,14.1211
Al8Ni2Tb2,5.44106
Be4Ta2,24.634
Hf1Ru1Sb1,6.43126
Cd1N1,1.32338
Bi1N2Th2,6.90684
P1Pt5Sn1,1.38276
Ir3Ti1,20.7615
Ag1I1,0.337221
Au2Ho1,2.67566
Li4O8Rh4,3.73499
B12Yb1,32.9105
Cu1Mn3N1,1.04126
Er3Pt3Sn3,2.92122
Rh2V6,11.062
Rh2Sn4,2.05974
O8Sb2V2,9.59146
Hg1O2Rb2,1.33742
Cd3Cu3Dy3,1.67027
Hf4Ir4Si4,8.04569
Pu1Ru1,0.498391
C11N4,77.0356
Dy4In2,2.84229
C8U4W4,2.18577
La1Ni1O2,8.62143
Ge2Rh2Y1,7.34652
Ce1Ga1O3,2.37931
Ag2I2,0.481152
N1Y1,44.8532
As2Ga2,5.05936
B6Ni20Sc3,2.73832
Mg1Te1,7.75867
Mg1P1Pt5,2.95894
Ge2V2Zr2,8.82642
Hf1O3Pb1,10.6517
N2Os2,20.8857
Ga4Sn4Sr4,1.5797
Dy4Ga4Pt4,1.14193
In3Pt3Sc3,2.10405
Bi2Ca2Cu2,2.4218
Ag3Er3Si3,4.06972
Hf16Rh8,1.87758
Ag3Dy3Si3,3.9023
Ru8Si4,7.33115
B8Mo8Ru4,9.72627
Zn4Zr2,6.35758
Ge4Hf2,7.30019
O2Tb2Te1,6.81717
Cr4O8Zn2,6.60566
Cu2Sb4Ti10,2.98298
Pt1Sb2Zr6,5.91723
Al8Ce2Ni2,6.4118
Ge4N6Na2,6.18395
Hg2Sn2Yb2,1.06987
Nb1Pt2,11.4992
Sc2,18.1683
Al16Ru7Sc6,3.86459
Fe1Ga12Y4,2.06442
Ir1Yb1,3.86662
Ca4Cd8,0.914112
Bi4O14Pt4,2.68623
Os4Th2,1.42381
Ga4Pt4,2.31258
In3Lu1,2.04952
Bi1K3,0.552867
Os3Ti1,9.94117
Au2Ho2Sn2,2.82432
As12Os4Th1,4.88737
Rh4S4Sb4,4.21532
B4H16Na4,3.12794
Ag2Ba2P2,2.71071
In4Pd8,0.839424
Ce2Pd21Si6,0.822396
Co2Er2Si4,6.56039
Co4Sb12,2.60437
I12Rb4Te2,0.192162
Mg3Ni20P6,1.94102
As2Ba1Rh2,5.31157
Ga3Ho1,5.15799
Cl8H24N8,1.05159
Tc8Zr4,0.73542
Be26Sc2,14.7661
C2Re1,49.386
Ag2Ca1Ge2,1.74161
Mg8O8,5.91195
Dy2,12.2794
Hf1Os3,9.16338
Ge3Pd3Sc3,3.62679
Co4Sb12,2.59762
As4Ba4Pt4,0.875519
Ba4Pd4Si4,1.28446
Ba1Si2Zn2,5.31203
N2Os1,5.64512
Ba6Si46,1.1389
As1In1,3.68176
Mg2Te2,1.64274
P1U1,5.61501
Mg1S1,5.87782
Nb1Rh1,15.1129
Ni1Pt1,11.3909
Ho1Zn1,6.39909
Bi4In4O12,2.96868
Al4C4Th1,14.0907
Pd3Ti1,6.2836
Cs1H1,0.976334
Os10W20,5.22011
Ca4Pt4Si4,1.32018
C1Ru1,2.23473
Bi3Dy3Rh3,2.19851
Se1Y1,5.87406
C1Er3Tl1,1.05634
Co2Fe1Ga1,20.0452
Dy2Ga4Ni2,3.1787
Al2F8Na2,5.16721
Br2H12Sr7,1.39309
Cs1I3Sn1,0.574119
Ca3N1Sb1,1.65547
Au4Ca4Cd4,0.553511
Se2Ti2,3.40623
O8Pb2Sr4,2.31137
C1Sn1,16.3635
Pd8Sb4,1.21501
Be1S1,35.0764
La4O10Pd4,2.44399
Cu2O4Sr2,4.29353
Br6K2Te1,0.672649
As1Hg1Pd5,1.35903
As4Ca12N4,3.50373
Ca3Ge1N1,6.13272
Ag5O6Pb2,0.452188
F5Mn1Rb2,1.61991
C4O8,15.8106
Ag3Mg3Y3,0.88077
Cs2S4Tb2,2.96457
Bi1Dy1Ni1,6.24596
Rh1Sb1U1,0.603802
Hf1Pt1,3.36852
K1Mn1Te2,0.9123
La6Rh8Sn26,1.00955
Hf2Pt2,5.40683
Co8Ge26Y6,1.89488
N2Os1,28.0224
Er2Ni1Sn6,2.1584
Cd1P1Pd5,1.9373
Cd1Pt1,4.70489
F4Mg2,6.68321
Ag1N1,3.04944
Rh8S12,3.63561
Ho4Si4,7.85138
P1Sn1,8.75021
Ca1Cd1,3.93396
Cl8Li4Zn2,1.13141
Ca6Co8Sn26,0.422065
C1Re1,32.1183
Ca2Pt4,3.89337
H2Hf1,2.83377
Mn2Sn4,5.12253
Dy2Se4,4.26463
Au2Ti6,7.10722
Hf3Ir3Sn3,3.50809
C1N2,127.968
In8Pd2Sr2,0.854459
Cd4Na4Sb4,0.611519
Br2O8Y6,2.68295
C1Ru3Sc1,22.9149
Ge4Th2,2.20725
Te1Zr1,12.9991
Ni2Zr2,3.18895
Ca1P2Rh2,7.72269
O12Sb4Zn2,4.52183
Bi4Cs12O12,0.296848
Ir6Th14,1.34903
Rh4Sb4Tb4,2.03357
Be5Fe1,35.9199
B8Be4C8,31.6826
As4Sn2Zn2,2.37036
Ni4P8,6.97147
Mg1Pt1Sb1,2.69682
Pb6Tb10,2.01516
Ni4Zr2,4.39129
Ba1Cl2,1.59276
Ag2Li2,0.604212
Tc1,59.058
F1Li1,9.97636
As2O8Sc2,7.49817
La6Tl10,0.608399
P3Ru3Zr3,8.34587
Au3K2,0.525211
Ga4Ru2,8.4996
Hf8Ni2P2,3.00346
Ir8Si4,5.61714
Au5Ca1,2.30785
Ho2Zn4,3.15952
Cl4La4Se4,1.9965
Mg2Se2,2.62973
Cu2Ge2Tb1,5.56247
P12Pd4,2.57365
Nb6Rh6,4.36179
Cd2La1,2.68293
Pt12Tl8,0.825858
Os8Sc22,1.63804
B1Rh3Tb1,9.7425
Au4Ca12,0.669899
Cd1La1,3.11887
Ir3Pa1,13.7575
La14Pt6,0.780245
Ca1F2,5.76855
As8Hf4,5.79361
In2Sb2,1.94572
Al4Ho8,2.96462
N1Tb1,35.4666
Pd6Te4,0.866806
Li1N1Zn1,18.7899
Cu2Dy2Si2,7.78039
Cd1Gd1,3.88838
K8Sn46,0.146734
Re1Ti1,8.9481
Au1Mn1Sb1,1.49086
Dy4Re8,1.8923
Pt3Sn1,2.47312
La4Si4,6.1934
Co2Ge1Zn1,10.6235
Fe1O2Sr1,11.087
Li2Nb2S4,11.0262
I6Pb3,0.584295
F12Pb2Zr2,1.17742
La1Se1,8.0507
Ag2Al2O4,4.10466
Ca1F6Sn1,2.92353
Tb1Tl1,1.87783
Cr2N2Nb2,26.4276
In1Pt2Zr1,1.1837
Dy4Os8,1.84665
Mg4O8,9.78385
B28Mo12Y4,9.9522
C8Cs1,28.1623
P1Pt1Tb1,5.77548
Pt3Sn3U3,2.01265
Ga6Mn1Tb2,2.14373
H12Mg4Na4,2.25774
Cu6Dy6Sb8,2.23844
Ba2Cr2S4,2.64122
F3Pd1Rb1,2.84654
Pd1Sn3Sr1,0.753227
Mn1Rh2Sn1,5.34893
N1Ti1,68.8785
Hg1Mn1,1.19396
Dy1Rh2Si2,12.1903
Cd6Er2,1.28087
H2Tb1,9.61757
Ag4K4O4,0.691056
Ag4F12K4,0.540943
Bi1Lu1Ni1,5.71905
H2Y1,14.4738
Na8S4,0.907487
Ba8Bi6,0.581747
Ba2Bi2O6,3.25923
Cd1O6Pt3,3.78171
In9K1Ni2,0.753239
Ni4Sb4Tb2,1.26347
Ba1Cd1,2.05258
Bi4Th2,1.90579
La1Rh3Si2,10.8431
C8Si4,16.662
Ir4Mn4Si4,4.97859
Cu2In1Sc1,3.51917
C8Si8,28.6541
Ge6Ir7Mn4,2.97643
Na12S12Sb4,0.779651
Ca8Pb4,1.09935
Cu1Dy2Ge6,3.84805
S1Sc1,15.0129
Er4Ge4Mg2,5.16782
Ga2Mo6,12.169
Pb3Th1,0.338472
Cs2I6Te1,0.438525
S8Ta12,5.99459
Er4O14Sn4,4.27273
Zn1Zr2,7.2779
C1V1,96.1928
In3Ni2,3.2379
C4V8,13.2291
Dy3Pt3Sn3,2.91049
As4Cd2,2.21396
Ge2Mn4O8,4.53693
Co4Sb12,2.63431
Cu2Ir4S8,2.30535
La2Mg4,3.30268
Ir2V6,12.9405
Al1Mn1Rh2,10.9375
N4,47.4827
Al3Dy3Ni3,2.79558
Ag2Si2Yb1,2.72167
Al2N2,39.0432
Al1Cu2Ti1,7.30709
P2Sb2Ti4,8.25411
Ba6O18Ti6,4.05023
Al1Cu2Zr1,6.4612
Tb1Tl3,0.665623
Mg1Sr1,4.22988
B4Tc2,50.2164
Bi1Ho1Pd1,4.10256
Hg1La1,2.09781
Ir4Sr2,3.76234
N2U1,11.6899
Hf1Ru1,26.312
In2Pd4Tb4,1.86987
O14Pb4Sb4,4.30099
Cd4Ho16Rh4,1.24315
Be2Hf2,16.0243
Cr1Si2,46.7959
Al3Sc1,14.2961
F3Pb1Rb1,1.07497
Al16Ru7Zr6,2.77407
Au2Hf2,5.24308
Pt2Tl4,0.363046
As2Nb6Te6,5.15097
Ag1La1,1.45764
Al9Ba1Ni2,4.13762
Al8Er1Mn4,8.09491
Cr1Dy4Ga12,1.72541
Au2Cd2,0.540213
Be2Ta4,23.8404
H2Mg1Ni1,8.17608
Co2Ga1Hf1,18.1245
P1Zr1,25.8274
Ge2La1Rh2,7.63824
Mn1Te1,1.92182
Cl6Pt1Rb2,1.3511
O8Zr4,8.37363
Al2O8P2,6.164
N6Tl2,2.58524
Al3Ir3Th3,3.087
Hf10Sn8,2.94461
P8Pt4,7.39102
Rh8Sn26Sr6,0.564191
Se8Ta4,4.1952
As2Cu2K4,0.875228
C2Re1,49.5945
Al16Pt7Zr6,3.40706
Au4S4Ta20,2.72587
Ir5Th1,7.77149
Na8Si46,1.3525
F6K2Si1,2.62856
Ga2Th1,9.53787
I1Tl1,0.488967
Cs1F1,0.923511
K2Nb2Se4,5.06463
Be1Te1,10.0176
Cu2Sb2Sr2,3.42814
B4Cr1,80.6931
Sb2Sc4,5.29646
Al2Hf2,14.1102
Ba1O3Th1,8.21256
Ca2O8Pd6,1.90335
Er4O14Sn4,4.27273
Ca3Ge1O1,8.64534
La2Rh2,2.59552
Bi4Mg2O12,2.57477
Pt8Zr16,0.897416
Hf4Pb4S12,3.01534
As2Pt2Sr2,1.99819
Cu8O6,0.710014
Hg2Y1,2.15556
N2W1,49.1319
Mo12P4,6.2961
Ru1Sb1V1,7.1977
N2Sb1Th2,6.6404
Al4Cd2O8,5.34032
Ge4Ni8,1.8863
Ce4Ge4Ir4,2.35879
La1Os4P12,6.78431
Be5Sc1,32.544
Bi1Ho1,6.53478
Bi4O12Rb12,0.572559
Ho1Mg1,6.36478
Ni2Ta2Te10,2.32505
Al1Mn1Pd2,2.62667
N3Ta3,17.2929
Ba1Li1P1,5.13143
Cr4Hg2S8,1.69273
Ge2Hf2V2,10.4832
As3Ru3Zr3,6.81657
Ge8La4Li4,2.61384
Cl2F12Pb7,0.675226
Ag2In1La1,0.956782
As12Rh4,3.73202
Hg2Rh1,2.48734
La2S4,5.10396
Ru8Zr4,1.955
Al1Ir1,25.107
Fe1Ga12Tb4,1.96319
O8P2Pr2,5.22204
In1La1,3.68961
B12Sc1,40.1159
In1Li2Pd1,1.20253
Ag4Ca4Sb4,1.39265
Pd4Sr2,3.23128
Ge1Se1,12.6016
Al2O4Rb2,5.31359
Ba2N4Zr2,5.23702
As2Pd2Sr2,2.19356
Au2La2Pb2,1.90867
N2Sr2Zn1,5.27468
Ge3Pd1Sr1,1.86086
Bi4Li4Sr4,1.56568
Na2O1,4.91614
Al4La1,2.97362
Ni4Pd4Te4,1.30691
Be8V4,5.78233
Mo1P1,45.0686
Au2Sb2Yb2,1.73282
As2Ca4,6.01471
In1Mn1Ti2,0.923756
C1Nb1,26.8897
Ir6Mg18,1.52744
Er4O14Ti4,6.62512
Ca4Li4N4,4.27239
As1Th1,8.14544
Sc10Si6,8.43432
Ba1Ir2P2,8.13818
P4W2,20.5636
Co4Sb12,2.60394
Fe1Sb1V1,9.4013
Al2Cd1Te4,2.2933
Ce2Os4,1.24337
B2V1,93.6017
Br3Cs1Ge1,1.09442
As8Pt4,4.02786
Au8Zn24,0.311753
As2Au2Ba2,2.24609
O2Zn2,7.37973
Hf3Mo3P3,12.2959
Cd24N16,0.66735
Ho1Tl3,0.456274
B6Co2W6,15.5193
K3Sb1,0.640055
Ni2Sc1Sn1,5.89955
C2Ga2Ti4,20.3144
Au2Rb2Te2,0.835683
Al3Ta1,20.9283
Fe4Si4Zr4,11.0464
F4S4Y4,3.0058
Co4Dy4Sn4,2.77542
La1Sn3,1.57155
Au2Ho1In1,0.966895
Ho1In1,3.56085
Cd4O14Sb4,2.9836
Bi8La6Pt6,0.729181
Mg1Se1,11.9223
B4C4Gd2,19.8115
Ag2Dy2Pb2,2.00414
N1Rh1,6.3068
Er4Mg2Se8,1.39684
S7Tb5,3.31136
Cd1N1,5.80048
Re8Zr4,2.97895
C2Cs2Pt1,2.43896
Ca2Ge4,4.27108
Ge4Y4Zn4,4.34264
Hf4La4O14,5.26227
O4Si2,13.6454
Si2,14.8449
Os3Zr1,10.646
Hg2Mg1,0.314324
C4Co8Ta16,4.86547
La16O24,1.46822
C1Nb1,5.84683
Ag1C1,0.868197
Pb2Te6Tl8,0.437946
Be6N4,38.6587
S1Sn1,8.0644
Ge26Ir8Y6,2.26526
C1W1,6.44998
Rh4Si6Y6,5.00075
La3Tl1,0.817017
Rh3Sn3Tb3,2.18837
Cr2O8P2,16.0695
Al3Ni2,13.3435
Ba1O3Tb1,7.16706
C2Ti4Tl2,11.5121
Cd1Er1,3.68017
Si4Zr4,13.7277
B4C4Ca2,20.4665
S12Sr4Zr4,2.7904
Ni1O1,21.5038
Ca4Pt4Sn4,1.0489
Rh4Yb2,3.82443
La3Pb3Pd3,1.53292
Mn1Te1,6.01353
Cu2Ho2Si2,7.6226
Ho2Ni1Sn6,2.19898
Al3Zr4,15.2362
Nb6Si4,15.0675
Ru8Si16,6.18898
Cl2Hg2,1.03633
As4Dy4Ni2,3.83688
Al1Bi1,4.40742
N2Nb2,29.2325
Al12Re2,6.76476
Ni2Rh4S8,1.55961
Er6Ge26Rh8,1.56073
P4,18.4595
Ga8N4V12,5.62179
Dy4Ge4Ni4,3.45402
La2P4Rh4,5.13127
P4Rh4Zr4,7.73714
Cd1S1,5.70308
K2N6,7.33008
P4V8,10.519
Cu2Se1,0.661273
Au4Bi2Tb10,0.843526
Pd4Si6Y6,4.07673
Co2Ge1Mn1,14.6521
Hf1Pt3,9.74129
As7Mg6Ni16,1.39471
Hg1Mg1,2.26162
Sb6Si2Zr10,4.62615
N4Zn12Zr12,4.0278
P4Ti4,13.5532
F4Ni1Rb2,1.79802
Rh4Y2,5.35345
Mn1Ni6O8,6.02782
Ba3Co3O6,1.99198
F6Mn1Rb2,1.58263
As8Zr12,3.72625
Cd26K2,0.220073
Ga1Li1Mg2,1.94365
Tl1Y1,2.14867
Ba4Cu8Te8,0.628673
Ca1Se1,10.1306
B1Dy1Rh3,9.96102
Al3U1,8.42758
Ba1O3Zr1,14.012
Er4Pd4Sn4,1.40725
Dy4Re8,1.96345
Al8Mg4,1.19206
Eu2F8Mg2,2.44329
P7Pd9Zr5,2.04678
F3K1V1,3.42731
Al4Er2,9.53999
Cu1Mg1Sn1,2.15744
Er1H1,9.43127
Ir3N3,2.80254
Cd6P4,1.04351
Al1B1Be1,67.878
La2Si4,3.24016
Hf1Pd5,3.86585
Nb4Pt4Si4,4.67846
Rh1V1,12.4472
N6Rb2,4.99295
Ba1Ce1O3,7.51346
Er2Si2,12.3078
Ni1Sn1Ti1,8.93765
S12Sn8,2.16694
C1Rh1,12.0006
Mg2S8Sc4,2.71121
Ho1Ni2Si2,8.9937
Ag2Dy1,1.88626
Ni2Sn1Yb1,1.62399
B4N4,47.6192
Ce2Ni12P7,2.73303
Hf4O4S4,5.46788
Ba1,3.00786
Ge3Hf3Mn3,5.82789
Dy6Ge26Rh8,1.70786
Pt2Sc2Zn2,3.64881
Be8Re4,16.0888
Cl6K2Mn1,0.739844
C2Er1,10.0905
As8Zn8,1.88182
Co2Zr4,4.48544
As12Co4,4.49766
Dy2Ir4,7.17934
Cu4In1Yb1,2.07909
Ba1Nb1O3,11.8894
Al2Ge2Sc2,6.95652
C1Ru1,18.42
P12Ru4Tb1,6.27663
B2Y1,63.2266
Hf12P8,4.41647
La1Pd3,3.48336
Sn2Zr6,3.21006
In1Sb1,3.02331
Al4Ho2,9.71003
In1N1Tb3,8.78282
Pt2Sn2,2.10653
Dy12Os4,1.96641
La6Te8,1.2467
Er2H4,4.87245
Ag1Ga1,0.881464
Br1Cu1,1.07312
Ge3Mn3Rh3,2.96821
Hg1Pt3,0.26108
Au1Bi1Li2,0.516167
La1N1,24.2198
In1Zr3,10.3661
Dy1Ir2Si2,14.2256
Hf2Pd1,8.0095
Os4Se8,5.78844
Ni2Sb4,2.97558
Mo2N2,37.7592
C1Lu3Sn1,9.89173
Bi8Ce6Pt6,1.35003
Ba3I6,0.314325
Pd2Se4Tl4,0.324234
Cu2Hf8P2,2.6045
Se6,0.0931019
N1Sc1,70.0922
In3Pr1,3.85668
Ga2Se4Tl2,1.40384
Be6Cl12,4.02485
C4Nb16Zn8,4.44282
Ge2Os2Th1,10.1031
Cs2Gd2S4,2.94447
Co2S6Ta9,3.81112
Er4Ir4Si4,5.37884
Nb6Te8,4.0649
As4Zr4,7.56445
As1In1,4.3321
Ag2Dy2Se4,1.70974
Rh2Si2Y1,13.2643
In4Rh2Yb2,1.54142
Cs1F3Mg1,3.34248
Sn4Y2,3.68175
B6H6K2,10.454
Ba2Pt4,1.65864
P1Pt1Y1,6.92832
Be8Fe4,28.6224
Co4N12,13.573
Bi2Ca4,3.69358
Ca2Ir2Sn4,2.36425
Co1Ti1,28.3162
Mg2O12Ta4,8.94536
Dy6Ge8,3.25765
B8Os6Sc2,12.5849
Cu1Mg1Sn1,0.402978
Ru4Si4,12.9984
Al1Co2Ti1,213.507
Cu5Nd1,6.53662
B2Ta4,29.4818
Cd1Cs1F3,1.63207
Bi4Ir4Se4,2.96507
Al1Fe2V1,31.4323
Ag3Er3Ge3,3.19612
Al4Li4O8,8.098
Ge4Pt4Zr4,4.56597
Li4O10Si4,10.3396
Bi16O24,0.526131
Rh1Yb1,4.84541
Ag2Ti2,5.10615
Cu2O3Sr1,5.34777
Ca3Cd3Pb3,1.07169
Al6C6Gd2,15.5586
N1Pd1,7.1347
Ge6Ir7Y4,4.91547
As1Mn1Pd2,1.34173
Ru1Ti1,37.9796
Al3Pr1,20.2019
Al10C6N2,13.2743
Al1F6K3,1.23651
Hg1Pd1,1.83017
Ga10Pd2,1.07668
Er2Mg1,4.40438
C2O4,47.0631
As6V10,4.88944
Ho4In2,2.70017
Sn2V6,2.96193
Ba3O1Pb1,2.4635
Dy2Te4,2.07149
Al1Si1Sr1,10.2376
Pd2Ti1,3.16581
Al1C1Gd3,9.83536
Cl8Mg2Na4,0.91383
Au2Sc1,3.6584
C12Ce8,6.54563
Br24Cs8Te4,0.24536
Yb1Zn1,3.1159
B4Ta6,21.3692
Mn6Sn6Zr1,1.40832
Br1Na1,1.3306
Hf3,14.7496
Ge26Rh8Tb6,1.70127
Dy4Pd4Sn4,1.44784
Au1Mn1Sn1,1.13732
Cd3Dy3Ga3,3.33026
La1P2Ru2,13.0847
Ag1Yb1,0.763001
In2Li1Rh1,2.54831
B4Co4Re4,6.86801
Ge4Ru4Tb4,2.29582
B4Mn1,68.7164
B2Ru3Tb1,8.26671
O14Sn4Y4,4.5744
Au6Ho6Sb8,1.24937
Ca2Zn2,1.62682
I1K3O1,1.1755
As1Pt5Tl1,2.12786
Rh6Sn6Zr6,2.63753
Cr4O8,8.31568
Si8Sr4,2.59932
Ge2Mo6,11.909
Ca2Ga4P4,4.80333
Au1Si1Th1,8.67995
B1In1La3,5.50418
Ca4O8Pb2,3.10819
Be24N16,16.1629
Ge4Sc2,6.85761
Co2P2Ta8,8.85837
H3Li1Sr1,1.54969
Au4Dy8,0.998892
Pt4S4Sb4,1.64111
Cu4Mg1Y1,4.56618
Cd2Ge4Tb4,3.36995
Au2Ba1,1.27186
H24U8,1.45192
Ag2In1Mg1,0.931927
Cr2K2O4,8.42349
Rh8Si10,5.15148
F2Gd2S2,5.8914
In1Te1,0.706838
Ge4Ir4La2,2.82858
Ge2Rh2Sr1,7.8396
F3K1Pd1,1.89438
N2Re1,15.6876
B24Os4Y8,11.7724
Na2O8Pd6,1.81151
Si2Ta4,13.7945
Ga9Ho3Ru3,2.92529
Os2Si2Tb1,12.8169
Pb2V6,2.05604
Cd1F3K1,1.73222
Cd1O1,6.92665
Ba2Mo6Se6,3.76865
P2V2,38.4159
Ba1Pt1Si3,6.46168
Ga1N1,27.8922
Ho1Pd2Sn1,1.92516
Ag2O4Y2,2.29628
In3Sc1,1.57452
Hg6Yb2,0.180828
Ga4Ta6,8.98879
Ge4Ho4Ru4,2.85276
Al2Pt1,3.90818
N1Nb1,79.184
B8Ru4Y4,9.68317
P2Rh2Sr1,7.12133
Pd4Th4,1.09233
As2Cr2,4.611
Be26U2,12.048
Al3Pt3Th3,2.41881
Ba4Ca4Pb4,1.05157
Be1Ti1,33.5126
Ge4Ir4Tb4,3.41538
Cl24Cs8Pb4,0.156605
Mg8Tb4,1.57817
Ho4Mg8,1.40506
Ba2Sn2,2.07477
Cl4Pd1Tl2,0.661356
Bi2Cu2Sr2,2.39852
Ni4Sc1Sn1,1.61775
Cr2F6K2,1.85145
In3Rh3Y3,1.85101
Cd1Ho1Ni4,2.8081
Se1Sr1,6.92184
C4Zn12Zr12,3.82638
C1Pb1Y3,11.828
Al2Cu4Re4,5.52323
H6Pd2Ti4,3.07578
Gd1S1,9.75186
Se1Yb1,6.83574
Ba2Cu4Sb4,1.59952
Pd4Sb4Se4,1.29034
Na4O8W2,6.76355
Ba4S12Zr4,2.19048
B1Sc3Sn1,16.0004
Pd4Sb4Zr4,1.63264
Be44W2,11.866
Cu3N1,3.30319
B4Ni12,3.21242
Co2O2,4.85589
Ca1Pd5,2.70005
Rh4Sr2,1.57174
Cu2Ga2Zr2,6.28372
Be1Pd2,5.80362
Al1N1,60.2181
F2Hg2,1.33384
Au1Be5,18.1344
Dy1In3,2.72553
In4Rh4Tb16,1.52328
C6Mo6,12.3094
Hf4O14Y4,6.43897
Ag1Zn1,1.06593
S4Ta2,9.51009
B2Co3Y1,57.2399
Co1Sb1Ti1,13.4071
La10Si6,2.34161
O14Ti4Y4,7.51764
Au4Ca2,0.557281
F3K1Mn1,2.97467
As2Ti6,4.25998
As2Sb6Zr10,3.17827
C6N8,52.063
Dy1Pt3,4.32304
In3Pd3Y3,1.42712
Co1Ta1,24.3372
Gd1Hg1,3.13847
Ba2,1.81851
Sr1Te1,2.38108
Ge3Pd6,1.28032
Al8Hf12,4.01457
Na1O3Ta1,17.7321
N8Re4,5.39565
C2Ge6Mo10,5.58414
W4Zr2,11.6196
Cd6Sc2,0.901495
F6Na1Sb1,2.72595
C1Mn3Zn1,3.73525
As2Ba1Pd2,2.96232
Pr1Te1,3.63328
C1W1,44.9704
Ir4S8,5.1415
Ga2In2Te4,1.6112
Ho1Pd3,4.79181
C1Mo1,86.7079
Cu2O4Y2,3.18158
Er4Ge6Ir7,4.68856
N2Ti4,20.4284
Ag2Al2Se4,1.29014
Mn3N1Zn1,6.2486
Au6Sb8Tb6,1.24604
Dy1Pd3,4.62863
Ge6Os7Sc4,4.41566
Au2Dy2Sn2,2.13215
Ru1Si1,23.9342
Hf2O8Si2,10.9772
Co4Si6Zr6,11.5526
B8Rh8Th2,4.11897
Ag1Mg1,2.76908
Cl4La4Te4,1.67783
Dy2Hg6,0.468047
Sn2Te10Tl4,0.501814
Cl4K2Mg1,1.35403
F6Sn2,1.91754
B24Ru4Y8,12.1372
O8Pa4,18.0263
Bi1Sc1,6.46014
Ce4Rh12Si1,1.82451
Mo1Si2,49.6447
Ag1Nb1O3,12.2468
Br1Li3O1,5.08135
Cr4Ga2N2,25.5787
Ge6N8,6.0348
Cu3In3La3,1.34108
Dy4Ru4Si4,3.74136
In3U1,2.01203
Dy10Ru4,2.03415
As4Ba4Cd2,1.47876
Si2Ta4V6,3.80653
Na4O12Sb4,3.77467
Ni4P4Ta5,7.39717
Au4La4O12,2.32446
Ca6Hg4,0.653701
Os2P2Sr1,9.74165
Br10Pb4Rb2,0.538374
As8Cu24,0.67521
As8Si4,2.61752
Bi1Er1,6.34074
Ir2Sb2,4.94213
C2Co1Ho1,19.0767
Al1C1Er3,3.45882
Mn2O6Y2,5.55972
Ce2Co2Si4,7.56027
Ba1O3Pa1,3.79553
P1Th1,11.5485
Er6Ge8,3.43789
In14Pt6,0.873517
B1Rh6Ti2,7.97306
Al2Y2Zn2,9.09529
In4La4O12,2.63292
C8Na4,10.5093
Ga2Hg1Te4,1.70975
Fe1H6Mg2,9.51518
Ga2La2Zn2,5.02865
B2Ir3Th1,12.9078
Ge4Pt4Sr4,0.89351
Ge2Pt2Th1,2.95718
Sb6Yb10,1.33347
Hf2,19.0675
Nb2O4,15.7693
B2O8Ta2,17.4699
In1Pt5Si1,3.10674
Cl1O4Rb1,3.66355
Be1Cu1,14.4144
Si4W6,5.99699
Cl6Cs2Te1,1.04363
Pd2Tb2,3.01664
Ge2La1Pt2,2.57277
F2Pb1,2.03195
Er8S12,2.89489
Cd3La3Pd3,1.20834
Al4H12,8.34334
Er2Ge2Sn2,4.01305
P2Rh3,6.18974
Ge1Mn1Ni2,1.25593
Ag1Bi1Li2,0.93917
Si2Ti2Y2,10.3242
Ir4P4Sr4,1.99826
Au3Ho3In3,1.79303
O2Se2Th2,6.7443
Ru1Sb1Ta1,11.0054
Li9N1S3,4.59086
O6Sr2Zr2,10.3146
Dy4In2Pd4,1.86754
Ge4In2Tb4,2.57995
Ga4O8Zn2,6.06248
Ge4Th6,3.43381
Ge6Ho2Ni1,4.59022
Mg5Pd10Si16,2.00146
Cr3Nb1,9.69749
Dy1Os2Si2,12.4415
Rb8Sb8,0.314214
Os2Sb4,8.64304
As8Sc12,3.52077
Au2Sc2Sn2,2.38023
C1Ge1Ni3,4.30191
Pt1Sn1Th1,4.44481
Hf3P3Ru3,7.39492
Au2K2Se4,1.09795
Er3Pb3Pd3,1.71859
Ge4O24Se8,3.33296
Cu2Nb6Te8,1.97817
Ag2Hf2,4.06398
Al4Pd20,0.991279
Gd2O8P2,6.54379
As4La2Rh4,3.14009
Au3Dy3In3,1.81321
O4Sn2,6.18729
Al16Hf6Pd7,3.28446
Cd1Dy1,4.36636
Cr1O2,19.0136
Dy4Ge4Pt4,2.55101
N1Pt1,2.04803
B4W4,22.284
C6Cr3W20,5.20027
Ce2O8V2,4.55947
Nb1Ru3,16.2367
In4Sr2Te8,1.00722
Ca2Cl4,1.47214
Mg1Ni2Sn1,4.31094
Mn1Pt1Sb1,3.14393
Cd2In4O8,2.42846
K4Na4Te4,0.593697
In2Pd6,1.89354
Cl6Pt1Tl2,0.892226
Sn4Sr8,1.15473
Er2Ga2,6.85328
Ir4N8,14.3253
Be2Zr1,33.7366
Si6Tc10,7.96718
Mn2Se2,3.11908
Hf2Zn1,13.5649
O2Pb2,3.91442
Si82,1.48582
Ga2Ho6O12,3.59613
Nb8O10,8.71805
Hg2Ho1,1.92911
Ag2Si2Sr1,3.44799
As1Nd1,13.4709
Ga2Tb2,6.53973
Ce2Rh2,2.03371
Au3In3Yb3,0.788106
Br4,1.64337
Au3In3La3,1.21836
Ag2Br4Cs2,0.270806
Au2Sn8,0.459713
Ga4Ho4Pt4,1.22799
Al1Sb1,6.82809
Pt2Th2,2.22373
Ag2Yb1,0.991956
Cd2Cr4S8,1.91918
Ge12Pt8,1.60387
Hg1S1,1.75868
Ir8Mg4,2.29146
F6Na1P1,4.56798
Al2Mo6,13.9255
Ni6Sb2,2.12233
Br3Ga1La3,1.85009
Al4Li4,6.64929
Ba2N2Zn1,2.92311
Dy1N1,34.9622
As8O12,7.92942
Br6K2Se1,0.653829
Ca2H6Ru1,6.93015
Ca1Mn7O12,1.77403
O8Si4,19.1748
C1Ge1,19.6338
Ba4Ca4Sn4,1.42025
Br1Cs1,0.430412
Hf1Pd1Sn1,6.96467
Ho10Sb6,1.81032
Ge4Ho4Rh4,3.01225
Dy4O14Sn4,4.15721
B4Nb3,38.7651
Cu1Hg2Zr1,1.01794
Mo2Se4,10.9601
P4Ru2,20.7771
B1Sb1,24.123
Ta30,2.70884
Cl4Na4O12,2.29745
Ba2O14U4,4.72901
Cr3Si6,19.9543
Al2O6Y2,9.92536
Ac1H2,6.30193
As2Cu2Sr2,4.28626
Pd3Yb1,1.18048
Hf1O3Sr1,15.1081
B2V2,67.7273
Na2Te1,1.73958
P4Sc12,5.17823
Al3Rh3Th3,2.66402
Cd2Te2,1.0799
Ga12Ho4Ni1,2.75047
As4Mo5,8.43969
Br12K4Te2,0.431564
Ag2Be4,9.18372
Cd2In4Se8,0.66152
Al2N2Zr4,14.2322
Ge2Ho1Ni2,4.6955
F4H2K2,2.22407
Rh1Zr1,2.27039
Ni2Si2,11.2384
B12Ho1,38.01
Cr2,3.00771
Si4Th4,4.08407
B8Er2Rh8,4.76312
As2Co2S2,10.7794
S10Zn10,1.94311
O8Sn4,4.7526
C4Sn2Ti6,13.2501
Sr2,2.94654
Rh2Te2,1.71526
Cr2O8Tb2,6.18622
Dy1Sb1,9.3838
Ba6Ge10,1.33826
In2La4Rh4,1.55122
Ag1Cu4Nd1,0.88941
Ni6S8,2.15776
P1Y1,24.88
Pa1Rh3,8.26408
Na6Sb2,1.08012
Bi1In1O3,5.54031
As4K12S12,0.620319
Nb6Ni16Si7,3.90445
Pt6Si3,1.10811
Hf2O6Sr2,10.0884
Bi1Ho1Ni1,6.23927
Pd1Ti1,1.40112
Ca2In8Pd2,0.831256
C1Dy3Ga1,2.79703
Ir2Mo6,9.14857
La1Os1Si3,10.9121
As2Ca1Ru2,8.82452
Cl6Cs2Se1,1.02532
Ag1P1Pd5,1.64219
As1Ga1,3.39934
Ca1Pb1,3.75318
Cu1Ni2Sn1,1.60187
La2O2Te1,5.815
Au4Ca4Pb2,0.873753
Dy2Ir4Si4,4.27282
Er3Ir3Sn3,2.59384
Mo6Si4,7.53103
F24Na4Sb4,1.00097
Al6Ca6Si6,3.69663
Ca2Si2,9.69596
F3K1Zn1,4.0117
C2Nb2,32.0512
Ag4Mo2O8,1.5752
B14W2Y6,14.3809
P1Pd5Tl1,1.94313
Au4Tb8,0.969947
C12Yb8,3.36359
Br1K1,0.842662
Ge2La1Ru2,9.1075
C20,27.6836
Pd2Sr2,2.2687
Nb8Ni2P2,9.23004
O2Zn2,5.94554
In1N1,10.9721
Cs2Hf1I6,0.621899
Cl8Li6V1,1.36051
Al8Er8,3.5155
O2Pd4,0.287144
Hf2O6Sr2,10.2726
Ni4S4Sb4,2.9803
Cd2Cr4Se8,1.13475
Hg8I16,0.276021
Ir4Sb4Se4,4.19975
Al4Mn2S8,3.13183
Al8Tb8,3.55813
As1Pa1,10.8664
Ca2O8Tl4,1.58178
Au1Zn1,1.36482
Tb2Te4,2.90293
Ge4Pd4Zr4,4.56309
Ga4Sr1,2.48124
B2P2,65.9963
Au2Si2Yb1,2.33444
Ga3Zr1,10.1803
F1Rb1,1.08407
Ag4Na2,0.642048
O14Pt4Sb4,1.88474
Al2Ru1,32.2489
Ca3O1Sn1,7.7961
N1Pa1,18.0307
Ge2Pd2Tb1,2.62715
Br2In2,0.82337
O4Pt2,0.262206
Ho4Pd4Sn4,1.37031
Cu2Ge2La1,5.24461
Ir2N2,17.9594
Al24Ir8,2.45706
La2Pd6S8,1.48947
Pd2Si2Th1,6.85966
Al40Ti4Yb2,2.08898
Al4Ru2,15.7209
Al3B6Ni20,1.45764
Mo4P4Rh4,7.24741
B1C7,99.2224
Al4Pd4Tb4,1.58928
As8O12,10.0756
Al4Co2O8,9.26437
Pd2Ta2,8.52727
Ca3Cl3P1,3.90016
Ba6Bi2N2,0.933655
P4Rh4Ta4,3.56041
C1Dy3Sn1,8.94069
Co3Fe1,11.433
O9W3,13.4881
P1Sc1,29.5211
Rb2S2,0.844109
Cd2Sb4Sn2,1.0997
B2Mo4,22.5078
Al1Au2Mn1,1.37962
C2Sc2,9.94608
La1Ru1Si3,10.5006
Ba2Li2P2,3.91441
Al32Ni24,2.51939
Al16Cu36,0.774145
Ge4Pd4,1.50496
Ba4Ce4O12,2.79546
Li1Mg1P1,5.08274
Al4Se8Zn2,2.41942
Bi2Ti4,2.32477
Ba6S10Ti2,1.90489
Ge4La2Ni2,4.07087
Si2V6,8.3227
C1Os1,14.9742
Ce1P1,12.7541
C1Pu1Ru3,6.60007
Cd1Sc1,5.25896
W8,11.6707
In8Pt12,1.49349
Cu2Sn2Y2,5.31827
Rh1Ti2,21.9605
Co1Sc1,19.4033
Au2H6Ti6,3.88707
Cs6Hg40,0.0137347
Co3Ga3Hf3,4.73586
Ca8Si4,3.00097
B4Ti4,41.5771
Ag1Cu4Er1,0.893898
La1Ni2Rh3,5.42294
Ag1Cu4Tb1,1.32006
Hf4Tc8,1.31063
Sb6Tb8,1.8898
Sb2Sr4,2.54954
Ca10In4Sb12,0.936596
Al16Os7Sc6,3.99043
Dy16In4Rh4,1.6031
Mg1Pd1Sb1,3.06506
Nd1P12Ru4,6.60441
Cd1Cu4Yb1,0.709588
Ru2,42.7524
Te4Zr4,4.13816
Fe4S8,10.2701
Pb2Pd4Tb4,1.2204
Au2In2O4,1.704
Au2Si2Tb1,3.25656
N4Os2,11.7081
Sn3Th1,0.968624
Ce1P12Ru4,7.71232
Ag2Th4,1.18724
Sn2Ta6,1.59843
Ge3Os3Zr3,8.23499
Al2Sn6Zr10,4.38274
C1Ga1Ho3,2.79809
Cl1O4Tl1,1.9836
Ir2P1,12.8231
Si4,12.063
Er4Ge4Ir4,2.02365
Co4In2Zr4,4.69468
La8Sb6,1.82853
Ce4O12Sr4,3.31914
As4K4Ni2,1.36354
Sn2Te6Tl8,0.471544
Ga6Hf10,4.22919
Dy2In2Pt4,1.7557
Be5Hf1,23.606
Li6N2,6.20457
La3O7Ta1,6.99383
C1Tb3Tl1,0.997857
Pd2Si2Sr1,3.74831
B6Ta5,22.339
Cl4Zn2,3.49317
Dy2Ge2Sn2,3.98028
P4Ru8,4.80392
Rh2Zr2,4.01195
Nb6S12V2,7.57013
Ho8Sb6,1.81406
Bi1Dy1Pt1,4.34093
Er1Tl3,0.372102
Ir4Sb12,2.73017
Al4Au4Sr2,1.23527
Cl1Cs1,0.722104
Be44Tc2,12.4139
Ba1C2,6.04298
Lu1Pt3,4.2309
As4Co4Nb4,5.77787
Au4Ho1,0.925799
B2Mo1,43.5796
O8Si2Zr2,11.5675
Cd2Er4Se8,1.05954
In4Pd8Zr8,1.46006
Cl8U2,2.68205
Ge4Hf4Rh4,4.79478
Co2Si4Tb2,7.0285
Al2Hg1Te4,2.10439
Au6La6Sb8,1.15258
Bi1Ga1,2.91541
Ir3U1,12.1322
Mn4O14Tl4,1.85878
As1La1,12.4377
P1Pt5Zn1,3.27815
As1In1Pt5,2.77195
I2Li2,0.39688
Er3Pd3Tl3,0.789699
In1Yb1,1.54544
Be4Ta6,13.2563
B6Ni2W6,14.6877
Ba8Ge4,0.827227
Be26Tb2,13.0592
N1Rh1,21.0524
I4Pb2,0.883902
Ag3Er3Sn3,2.01364
Cr4Mg2O8,6.63248
B8Nb7Ru6,11.9008
H2Pu1,2.38881
S8Th4,2.2684
Nb4Rh4Si4,9.39808
Sb1Sn1,1.76885
P4Pt10,1.85286
Ag4Dy4Se8,1.18594
B4Ti3,52.7568
Ca1O1,24.3778
Sr2Tl4,0.697961
S1Sr1,4.58969
Ho4Os8,1.78066
Al4Au4Y4,2.49023
Ge1In1Li1,4.4654
B1Sc3Tl1,9.29973
B8Re2Th2,16.923
Cd1Y1,4.77278
Ir4S4Sb4,5.12668
C2Na2Pd1,5.55749
N8Re4,15.5165
Dy4Pt4Si4,3.54814
Tl1Yb1,0.857055
Li5N2Na1,2.01148
Se12Th8,1.66223
C1La3Pb1,6.1254
Hf2Ni4,6.04035
Rh2Th2,2.81029
Pu1Se1,5.44778
Ni16Si7Ta6,4.01082
Cu2K2Te2,1.49648
Be1Te1,12.2154
Cu1Ga2,2.6483
Os4Sb12Sr1,1.92288
Cd1Yb1,2.37308
Ir4P12,7.57087
Hf1Ni2Sn1,5.13884
C6Nb16Zn8,4.10982
Se6Sn2Tl8,0.477816
Sb6Y8,2.08844
Hg6Y2,0.466969
La1P1,16.8618
Ge1Mn3,3.96202
B1Pd3Yb1,0.839139
Br1Cu1,0.919985
Er3Sn7,1.74102
Cd1N1Ni3,4.80128
Li1Mg8Si4,3.03173
Tc2,33.4878
Ir6Mo2,13.7374
Dy4Mg8,1.4885
Al4Fe6Si8,8.27137
Cr6Si2,8.30376
Ir4Mg4Tb16,1.38409
Ca2Pd2Sn4,1.29084
P1Tb1,20.4592
La1Mn1O3,9.48942
Cs12O12Sb4,0.343002
Li23Sr6,0.511623
Al16Rh7Sc6,3.31205
Se1Th1,9.69772
B2C4N2,119.645
Au1Ho1Ni4,3.74243
Cu2In1Zr1,5.51684
F4Ni2,4.30782
Ag2Au2F8,0.848277
Re8Tb4,1.55916
P12Rh4,6.75602
Os1Si3Th1,8.76443
As2Mg2Na2,3.06517
Br1Rb1,0.557021
Li1P1Sr1,7.2056
Au1Gd1,2.34303
Al6C6Dy2,16.1469
K2O1,1.76563
Ba8Sn4,0.722268
Cr4P4,5.05641
Ru6Si4Y2,9.34912
Ge2Ho2,7.77519
Al4O8Pb2,6.38406
I2La2,3.37823
Ni2Si2Th2,3.16182
Nb4P4V4,10.8971
B8Ho2Rh8,4.70194
Sb8Zr10,2.40615
Ir8S12Sn12,0.953218
Au2Ga2Zr2,4.32467
Dy10Rh6,1.13594
Ca2Ge2Zn2,5.24124
Er2Pt4,4.33478
Be26La2,12.1913
Au4Cr1,0.833799
Be4N8Si4,26.3103
F8Zn4,2.59549
La1O3Ti1,3.68015
Hf2Si2V2,10.7395
C1Na4O4,2.32809
F6Si1Tl2,1.02404
Au2Ti1,2.71885
B12Ni1,25.6914
Al1F4Rb1,4.43993
Rh4Si4Ti4,6.35475
Fe4P4V4,13.0072
Ni4Tb2,6.23261
Au1Cu4Tb1,0.535983
Sn8Th10,2.00044
Ca4O12Tc4,4.57881
Co2Ni4S8,0.912407
Ge1Th1,9.95447
Ni2S6Ta9,4.1157
Er2S4,5.91779
As4Ge2Mg2,2.299
Bi4Ir4S4,3.50156
C4Cr12Nb12,7.34533
Be1Ni1,21.5661
Ga4O12Te2,5.29373
O4Ti2,13.0947
Al4C6Th4,8.41329
Ge2W1,22.5716
Sn4Y4Zn4,2.8673
Fe1O1,9.91425
O4Pt2,7.22307
In2N2Ti4,12.393
Ga6Hf6Nb4,6.1472
Ag4Ho4Se8,1.25585
O12Sn4Sr4,2.90029
Hf4Pd12,2.89994
Au4La4,0.591976
Ag2In1Li1,0.62658
Cs8Te4,0.151365
Er5S7,3.48177
Be4C4N8,43.885
In3La3Pt3,1.49162
Pd4Sb4Te4,1.16225
Co1Zr1,15.6361
Hg1Yb1,1.65136
Au2Si2Y2,3.51909
Al1Ge1Li1,10.7519
Ba2Sn2Zn2,1.99162
Bi4Pb4Pd8,0.481477
Te2Zr2,8.4239
Rb1,0.224737
Fe2Te2,6.9898
Ir8N4Zr16,2.96578
C6Nb8Si2,12.1439
B3La3Pt6,1.8117
La1Sb1,7.95617
In8Ni2Sr2,1.11726
Au1Cd1Sb1,0.602338
Si4Sr2,5.40423
B2Fe4,11.0313
Ca6P6,4.2295
Hf1Rh1,4.60807
Ba4Hg8Tl8,0.123133
Ge2Sc2,9.61119
Li4O12Sb4,4.32974
Cu2F8Sr2,1.81352
Hf1Ni2Si2,9.32441
O8P2Y2,8.73884
Mg6O6,3.47269
Cu1Er1,6.2748
Co2Sb4,5.81571
C2N4,78.8432
Cu2In2Se4,1.28928
Ca2Cu2F8,2.58803
Ca1F6Pb1,1.72865
Al1Ca1Si1,12.4227
Ge2Mg4,3.34629
K2Zn26,1.24571
C1Dy1Rh3,7.71114
C1Rh3Yb1,7.47604
B4N4,63.0449
C4Nb16Rh8,1.86104
Er3Ga9Ru3,2.89002
Hf4P2Sb2,7.22786
Os6Th14,1.32973
Ag2Cr4Te8,0.10648
Ga1Mn1Ti2,2.48344
Au2F8K2,1.15775
Os1Zr1,27.7837
Sb4Se12Tl12,0.294795
Th6Tl10,0.639532
C1Ti3Tl1,31.3673
Ag1Cu4U1,1.32989
Hf1N1,40.4833
Er3In1N1,9.52523
Be5Pd1,23.6882
Bi1Li3,3.0313
Co4Sb12,2.60167
Ho2In1Ni2,4.07935
Ca1In1,3.74338
Mo3P3Zr3,12.9971
Fe1Pd3,6.07267
Au2Er1In1,0.877964
As4Co4S4,7.6791
Pd3Tl1,1.70548
Cu1Ni2Sb1,2.46569
Pt6Sc4Si4,4.72565
In2La2Pd4,1.67289
Hf4O28V8,3.23817
Cu2Hf10Sn6,2.75404
Mg1S1,19.5612
Cd1Zr2,7.37794
In4S12Sb4,2.10131
Cu4S8,2.19457
In3Mg3Y3,4.30806
Ni8P8,3.83088
B8Nb4Ni4,15.5525
Al6C6Tb2,15.871
O24Y16,2.65982
Cu2Li1Si1,4.60526
Fe4P4Ta4,11.2691
Ba1F3Li1,3.90182
Cd1Na2Pb1,0.718605
Ge1P1,13.439
Eu1Se1,7.29372
C8,145.01
Al2Ni1Zr6,7.37992
Hg2In4S8,0.939312
Er4Ga12Pd1,2.38831
As4Cd6,0.540605
Cl4Na4O12,2.48018
H14Th2Zr4,1.62186
Co2Mn1Sn1,4.13052
Be26Mg2,13.4032
Pt6Th14,0.814413
Ag2Ge2La2,3.38542
O12Sr4Tb4,1.6612
Au2In1Tb1,1.17634
Ru3Si3Zr3,10.8946
Er1Pt3,4.72332
Hg3Zr1,0.569409
Ru4Si4Y4,3.80828
Bi6Sr8,0.721455
Au2Ba2Sb2,1.94955
Si2Sr2Zn2,5.33563
Er1Pd3,4.85286
Ho1In3,2.63072
Bi4Ni4Se4,1.63881
Pt2Sb2,1.63947
Au1Mn1,2.64704
As4Pd8,1.02986
O24Sc16,4.23674
Fe8Ta4,2.53686
Cu3Nb1Se4,3.96601
Al8Zr12,4.67496
Ag2Ga2O4,2.33078
I1K1,0.551868
Bi1Th1,4.17671
Bi8Pt4,0.67946
N2Ru2,14.9565
Mg4Si2,1.5409
As1Sn1,5.88588
Ca2Hg6,0.23846
O3Sr1Tc1,19.1747
As4Ho2Ni8,1.62541
B2N2,81.9493
Br6Cs2Sn1,0.439707
Au2Ho2Sn2,1.99889
Mn3P3Rh3,3.56305
Ho3Rh3Sn3,2.50927
As1Er1,14.8379
As8Hf12,3.21159
Li1Pb1,0.897914
B8Ir6Zr2,6.88581
Au2O4Y2,1.79906
Er1Te1,3.44195
B1C2Sc2,22.7385
Rh8Sn26Th6,0.74901
Ba2Zn26,1.17453
Ca4Cd8,0.922849
C2Fe12W12,3.25838
Dy2O8V2,6.29261
O8Pd4Y2,3.61057
Cr4La4Se12,1.90356
C2Dy1Ni1,21.1463
I1Rb1,0.545854
As8Zr4,4.6084
Hf6Sb6,4.34719
Fe6N2,2.61952
Ga1Ru1,15.1707
Te2,1.28703
Si4,16.384
Te1Th1,10.6111
Cd1Er1Ni4,3.1229
Al1C1Y3,16.7498
P12Rh4,6.77339
N1Ta1,63.907
Mo1N1,9.2544
Al36Mg6Mo4,2.16865
N2Y2,10.4679
In3Pt3Y3,1.67478
O3Sn1Sr1,8.68576
Ba2Pd4,2.49092
Li4Na4Te4,0.965333
Ag8Ba4Te8,0.365636
In2Pt4Y2,1.91676
Ba10Sb8,0.702012
As1,7.55152
Au1Cd1,0.60503
Ga3Hf1,8.73998
As4Na12Se12,0.651693
N4Re2,32.1459
Ba1Ni1Sn3,2.16947
B6Dy1,10.5437
Zn44Zr2,0.972147
Er1Se1,3.86289
Cs6Ni2O4,0.488223
Al4Y8,4.07048
Dy3Pd3Tl3,0.83677
As1Ga1,8.00236
Cu4Dy4In2,1.50375
Pd3Y1,5.23858
Ni1Sn1Th1,6.15588
Hf6Si4,9.74129
As4Dy4Pd4,2.61748
Te2Ti2,1.51401
Pd3Zr1,6.77029
Cu2Er1Si2,8.86544
Ge4Rh4Y4,3.56002
Hg2Pb2Sr2,1.02997
Ga8Nb10,5.94737
Se2V2,5.82609
H4In4O8,4.3398
Cd1Se1,3.89621
Ge4Pt2,3.38191
As1Th1,6.31044
Dy1Mg3,5.11888
Fe2V6,4.60574
Er1P2Ru2,14.5871
Ho2Si2Ti2,8.15451
O2Rb2,1.46816
Au1Mg1Sn1,2.13756
Pd8Si4Tb4,1.84059
Pd2Zr1,4.23752
Ce1O2,13.8996
Bi6Tb10,1.33802
As4Cu2Y2,5.05027
F6S1,3.39163
In3Th1,1.99566
Ce2O8Si2,6.57371
N1V1,100.748
Au4In2Tb4,1.24114
Dy1Ni2Si2,9.4319
La1Pb3,1.26841
Al16Hf6Os7,2.78922
H6Li2Pt1,6.4911
Pd8Sc16,1.54736
As1Dy1,14.5115
Au1Mn2,2.6582
Pb3Pr1,1.73445
Ir4P8,9.87307
La1Se1,4.98039
Hf4O12Sr4,5.40067
O1Zn1,16.3307
Au8Ga4,0.358585
Hf1S2,16.4838
Mg24N16,4.40645
Er4Pt4,1.95345
Ba4Ge8S20,1.0394
Ag2Al1Sc1,1.73563
Cd4O8Rb8,0.492799
Cd2Lu4S8,1.94935
O6Sn2Sr2,5.80732
H1Li1,9.01672
Cu7Hf6Zn16,1.23997
Br3Cs1Hg1,0.344431
Ba1H3Li1,5.92114
K1O3U1,10.4189
B2N2,79.4965
Cl6Rb2Se1,1.22776
Mo2O12Rh4,4.68684
La4Pb2Pd4,1.15991
Ca4O12Si4,6.79762
H4Sr2,3.66762
B2N2,80.1051
Ge2Ir3La1,8.42849
Ni2Tb2,3.35582
Al4Sc2,13.6244
Nb8Ni2Si2,10.9058
Ag1Br1,0.636344
Na4Pd2Se4,0.945913
Be1Se1,19.6594
Ca24N16,1.73152
Hg33K3,0.0118133
La2Sn2,3.94736
Lu1Ru2Si2,11.0676
Cs4Na8,0.131432
As4Ni4S4,3.73886
Rh6Te4,2.197
Ca1O3Ti1,21.6331
Os1V1,20.3989
V1Zn3,6.06174
Al6Pt6Zr6,3.13026
Cl8Cu8,0.440031
Rh6W2,9.36741
C2In2Ti4,16.2248
Al3Hf4,13.4608
Ge4Th2,5.04758
Fe1H6Sr2,4.42377
As4Os2,12.8316
Al1Ni1,18.0075
Rh4Th2,1.42795
Ag1Dy1,3.90426
Au1Ga2,0.763058
N8,4.03275
Rh4Si4Ta4,8.25439
Hf4Re8,3.24299
Er6Ru4,2.35743
K2Mg5Sn3,1.07708
Al3Ho1,10.7542
Co4Sb12,2.63641
Er1Ru2Si2,12.2204
C8Gd4Mo4,7.97902
Au2K2Se2,0.907973
Au1Y1,4.65739
Ca3Ir4Si4,3.41592
Al6B4Ru8,7.86864
Nb5O9Sr2,8.16702
Be26Ca2,17.9306
Al16Hf6Pt7,3.16526
Au4Ho10Sb2,0.942801
Rh4Si4Zr4,8.0171
Cu4Si4Ti4,4.70732
Ir4Zr2,12.4754
O2Pb1,1.96155
C1Sc1,28.7652
S4Ta2,10.7394
Fe8Ta4,2.71277
Er1Ir2Si2,13.9523
C8Na8,2.427
Co4Se8,3.61835
Rb12Sb4Se12,0.3037
Ca2In4,2.17208
Dy1In1Pd2,2.32477
Au3In3Tb3,1.86926
P8Rh4,8.20638
Br6K2Sn1,0.457705
Bi4Pd6S4,0.709859
Pd16S7,0.417194
Al2Th2,9.33101
Ag2Ho1In1,0.995523
K1P2Rh2,9.1131
Ru8Tb4,0.455998
Cd2In4S8,1.13508
Ca1P2Pd2,4.24899
Ho2Sn4,3.13065
Al2Cl8Cu2,1.72822
Hg2Zr6,5.04883
Pb2Pd4Y4,1.3742
Ga6Hf6Pd6,2.36025
Ge2La1Pd2,3.26914
As4Mo5,9.89648
Tl1,0.223914
Os6Sn14,0.814501
Al3Pd3Y3,2.29082
C8,88.1928
Co4Sb12,2.59135
Al3Mg3Y3,6.97072
N1Y1,10.5322
Cl1Cu1,0.476112
Ag1Gd1,1.39617
Ag2Ho2Sn2,2.86455
Cu1Y1,7.99639
Ge6Tb10,3.49659
As12Co4,4.57531
S8Ti4,4.20153
La2O2S1,7.93424
Mn4Nb4P4,10.0886
Mn1Pd1,4.58067
Be1Cs1F3,1.9971
Th4Zn2,1.78761
La3O12P3,5.40539
Cd4Ge4Sr4,1.55148
Au1Ge1Ho1,2.81341
Hg4Sr12,0.26684
Ca3O1Pb1,6.14242
Mn4O14Sb4,3.67755
C2Li4O6,11.8313
Ba4Hg4S8,0.91409
Dy8O4S8,2.56402
Dy4Re8,1.92621
Er2Ga4Ni2,3.55176
Lu1Pb2,0.957325
Ca1Se1,1.16375
N1Nd1,21.1341
As8Th6,3.46542
N6Ta2Th2,13.0905
Ru8Zr4,1.97565
P12Rh4,6.79603
Al8Er2Ni2,5.1415
La1Pt3,2.5548
N1Zr1,41.6588
As1Fe1Li1,16.2594
Au4V2,1.38202
C4,206.237
Fe2N4W2,16.2671
Te1U1,8.90632
Al2As2,7.30144
Al4Cu2Mg2,4.85163
Al3Ho3Ni3,3.48817
Si2Sr4,2.54809
Ag4Ca2,0.854237
Hf12N4Zn12,3.49893
Mg2Ru2Sn8,2.39277
C2S2Zr4,17.7584
F2Ti1,7.44727
Al2Ir1Li1,8.64435
In4Pt2Sr2,1.4988
Li2Pt4,4.25117
Ga4Os2,8.81801
Pd4Sn4,1.23528
Mn4P4Zr4,8.23614
P7Ru12Sc2,4.80397
La2Pt4,3.0161
O28P8Th4,1.73068
Ir4Tb2,7.06737
Ga2Pt6,2.01782
S1Se1,1.49382
Ga9Os3Tb3,2.87509
Na2O8Pt6,2.23931
Cd1Ni4Tb1,2.67373
Al2Si2Y2,10.8823
Al1C1Tb3,2.00545
Bi12Ni4,0.614822
Cu2Sc1,5.68982
C2Pb2Ti4,9.22084
Ni8Sc16,1.85045
Ni3Si1,9.16237
Si40,2.79358
B16C16Mg8,11.3868
W1,60.8815
Er1Ir1,8.50438
Au1Tb1,3.66941
Ge1Mn1Rh2,3.91436
Mn1Pt3,4.54753
O2Ti6,6.73611
Ce2Ir4,11.7621
O1Pb1Sr3,3.77771
Cu1Li2Sb1,3.68519
Be1Co1,35.5396
Ca2O6Ti2,14.4852
I6Pt1Rb2,0.453758
Al3Y1,12.1137
Al1Cu2Hf1,6.12275
Ge4Th2,4.62231
Ir2La1Si2,15.9343
Ge4O8,8.57184
Ir4Si4Y4,6.09447
Au5Rb1,0.612997
C4W8,11.7493
C1Hf1,63.6972
H2Sc1,19.1495
Pt4Sb8,1.82766
In1La1Pt4,1.89952
Br4Na4O12,2.4991
O8Th4,4.12168
Ag2Te4Y2,1.93804
N16Zn24,2.32996
Al4Au4Dy4,1.97041
B12U1,32.4242
Au4La8,0.637761
Cl2O2Y2,5.58495
Fe2P2Ta8,5.48031
Ru2V6Zr4,4.41297
Er4Pt4Zn4,1.37378
O12Sb8,5.77343
Cr2O8V2,11.8175
B4C4Dy2,21.1098
Co2K2O4,3.41067
Er1Pt1Sb1,5.821
Li2Pd4Sn12,0.535446
Mn1Rh1,10.5712
H2Ho1,10.173
Mg1Tb2,4.649
Al3Li1,7.1534
C4Os2,26.3381
Fe8Ta4,2.28389
P8Th6,4.60575
Al1Ni3,4.62072
Cs2Na2S2,0.927923
As1Ge1,8.30883
Ge6Y10,4.46761
Er1P1,20.7511
Cd2La4Rh4,1.28679
Cu2Fe4Ge4,3.93539
B2Li6N4,12.0855
Ca4Pb4Sr4,1.20689
C4N4Zn2,1.50738
B6Yb1,14.9926
Dy4Rh4Zn4,1.29803
C8Er8Re4,6.14303
Ba2Pd2S4,1.48968
Ga4Mg10,1.34829
Re10Si6,5.15328
Mo12N4Pt8,4.86061
Co2In4Se8,0.94661
Hf4Pd4Si4,5.97439
Ca2H4,5.5968
H4N4Sr4,3.44335
Ca6Ge26Rh8,0.97593
Hg4Sr6,0.466483
N8Re4,12.4336
Rh3Zr1,14.3826
Sn8Sr2,0.51492
In1Mn1Pd2,2.11036
Bi4Pd10,0.624915
Cu4Hf3Si2,5.92195
As4Ir4La2,3.50875
Pt7Sb1,0.813297
Mg1Pd1,4.12035
S12Sn4Sr4,1.40428
Ge6La4Li4,3.14684
Ba1Os4Sb12,2.2938
Br6Cs2Dy2,0.316612
Al2N6V8,11.762
Pt3Zn1,2.85416
Pd4Sb8,0.782125
F3Rb1V1,3.31094
C4Nb12Ni12,4.68593
C1Zr1,67.4411
Mg4P6Rh7,3.78393
Al40La2V4,2.21014
Ca10H2Sn6,1.56658
Cu1Li2Sn1,2.73586
C2Y1,12.9193
Ba1Cu3O4,3.57166
Au2Hf1In1,1.44263
Cu2In1Y1,3.39449
Bi2Li2Zn2,1.21502
Ca8Sn4,1.70693
Al6C6Ho2,16.161
Be26Dy2,12.9931
F6Rb2Si1,1.93847
B1Os1,55.6781
Al7Cu16Zr6,2.49352
Ba8Si46,0.681803
Cd1Cu2Zr1,4.91248
As16Mg24,1.16847
Ba2Cu2Sb2,2.67353
Ho1Pd1Sb1,0.679423
Ca4N8O24,6.49476
Tb6Zn23,1.20656
In6S8,0.661433
Ge2Ni4O8,5.28083
Cs4Pt2,0.300135
Cu2In1Mn1,2.36892
Au1Zr2,6.88627
Cd2S8Sc4,2.05915
Ag2Ho1,2.02152
Rh2Si2Tb1,12.3463
Ho2Rh4,5.07051
Al4La10Ru6,1.54783
F6Hf1K2,3.17752
Ca2O6Pt2,5.58614
As4Ni2,3.28618
Ag12Na4S8,0.362498
Se8Y4Zn2,1.73594
B12Zr1,38.9539
Rh1Zn1,11.1235
O4Pd8Zr16,0.700895
As2Ti2,6.39553
Hg4Th2,1.60964
Nb2Se8,5.70477
Ho1Sb1,9.65912
Sb1Sn1,3.36605
Al2K2O4,5.56473
O2Rb1,2.06442
Dy4O14Tc4,5.00051
N3V6,17.0269
F20K2Y6,2.04597
Rh4Tb2,4.84791
Mn3Nb6O11,4.85083
Ge2Mo1,25.5413
Ru8Sc4,1.14613
Al36Mg6Ti4,1.96025
In1Pd1,1.82806
Ge26Lu6Rh8,1.4542
Ga2Sn6Zr10,4.37046
In1N1Sc3,15.1759
Ge4,5.79048
Er1Sb1,9.80851
Ba2Hg2Sn2,1.45368
Ge26Ru8Y6,1.54334
Au1Hf2,7.7815
N1Ni3Zn1,4.46541
Bi4Rh4Se4,2.36114
Au4Yb1,0.530069
Pd3Tb1,4.65134
Ga2Pt2Ti2,3.71072
N8Ta4,3.44403
C1W1,60.4251
Ni3P3Rh3,3.58545
Ru4Tb12,1.67669
Co1Ni1,7.35292
Ba2S6,2.83248
Fe6Ge6Hf1,2.75182
C4Ni8Ta16,4.62983
Be2Hf1,29.4752
Ga3Ir3Th3,2.31651
Cs1F3Yb1,2.04399
Cr4Ti2,9.90962
Cd3Er3Ga3,3.409
La1S1,7.03168
P1Pu1,12.3923
Ru10Si6,7.29071
Ba2Hf1S4,3.77141
Fe2Si2Tb1,15.1588
Dy6Ge26Os8,1.69906
Ca12Hg4,0.509638
Pt3Ti1,9.66877
Dy4Ge4Ru4,2.67883
Os8Tb4,1.72713
Ce1Fe4P12,8.93987
Al4Au4Ca4,1.28149
Ge2Ru2Tb1,7.49316
Ca2F4,3.24777
B4Mo4,29.1569
La2Pt2,2.43181
As1B1,47.6931
Cl6Sn1Tl2,0.551358
Cd2Ga4O8,3.00631
H2W2,22.2359
Au1Lu1Sn1,3.55069
Li1Pt1,5.66839
C16Si16,17.7287
Ca4Mg8,2.11926
Re3Si3Zr3,14.296
Ag1Hf2,7.89318
Au1Sc1,5.82201
O1Zn1,11.632
Pd4Si4Zr4,6.7752
Pb1Te1,1.17683
Br1Rb1,0.78782
Dy1Hg1,2.39767
Ba6Mn2N6,0.460238
P12Rh4,6.75614
Ir4La4Si4,1.37671
O8P2Sc2,12.7395
Ag1F1,0.404559
Au3Rb2,0.486594
Ni2Si2Tb1,9.12666
Au3In3Y3,2.03425
Nb6S12Sn2,5.53349
Fe2Nb8P2,9.62027
C2Nb4P2,21.2101
Ho4Rh4Si4,4.41608
Au1Dy1,3.80521
Co2V6,12.1667
Nd1P1,15.581
Er4Hf4O14,5.98782
Hg4O14Sb4,2.0121
Ag3Er3Ge3,0.843711
C2Ho1Ni1,20.88
S8Sn2Sr4,1.59124
Al1Sc1,13.5515
Ru6Si4Th2,7.26441
Mo1P1,19.4741
Rb2Se1,0.973149
Ho2Ir4,7.16704
Pd4Y4Zn4,0.818441
Be26Sb2,7.74314
Ge2S4,6.16115
Ru2Si2Tb1,13.2014
B6Hf3Ni20,2.36242
Fe2Te4,5.59294
Ba3Cl6,0.736002
C4Hf12Zn12,3.47672
B6K1,32.3132
Bi1Ni1Sc1,7.0677
Al4Ca2,7.4802
K16Sb8Sn2,0.336695
Be8W4,18.0705
Re2,35.0688
As1Ba1Li1,4.2689
In2Te4Tl2,1.07071
In3Y1,2.71196
Bi2Cu2Yb2,2.1278
O2Pd2,3.02912
Bi2O2Se1,3.51302
C12,127.091
C4N8,60.036
Au36In16,0.116457
Au1Li1Sb1,0.131085
Pt3V1,6.84777
C8,146.956
Cd2La2Tl2,1.39371
Cu1Mn1Sb1,3.97886
Al3Yb1,8.13867
K8Si46,1.36355
Ge26Ho6Rh8,1.5934
Er4Ga4Rh4,1.16209
K1Nb1O3,12.7733
Co2Hf1Sn1,8.32087
Cu1Ga1Pt2,3.43674
Ga12Ho4Pd1,2.32731
Al1Cr2,15.2638
Co8N4Ta16,4.58214
Pb1Pu3,2.12734
Al2N2,37.4828
C1Tl1,2.90536
I1Rb1,0.367039
Pd2Sn1Tb1,1.00417
Cl2Sr1,2.00874
As3Mn3Ru3,4.28864
K2O12Os4,7.51321
Cl4Mg2,1.42745
Au4S2,0.142596
Mn1Pt1Sn1,2.30522
Co2Sn1Ti1,3.67036
Ba4Ir4P4,1.90938
B4Ta3,29.3237
Li1P1Zn1,11.3266
Bi1Co1Zr1,9.04135
Mg1Se1,3.88662
C1Ru3Ta1,18.9528
Al4Au4Er4,2.04486
Cs2N4Nb2,3.50971
Ni1,32.3688
Al1P1,19.362
Sb8Th6,2.4873
Hf5P7Pd9,1.95839
Ge2Mg4O8,8.56027
Ga3U1,9.41715
Er1Sn3,0.635161
Bi1O2,5.05798
B2Ca1,43.6953
Hf2Ni4Sb2,3.99908
Al1Cu1Ti2,6.26188
As4Rh8,1.80675
Au2Sn1U1,0.642032
O2Sn1,5.86964
As4Rh4Ti4,4.51782
Er2Ni12P7,2.77588
Br4Mo4S4,6.04888
Hf10Sb6Zn2,3.1339
O12Pb4Sr4,1.72959
Ir3Sc1,13.4782
Ga2Ge2Li2,2.72754
Tl3Y1,0.572749
Ag2Er2Sn2,2.85643
Os2Si2Y1,13.4606
Ba1F2,2.8326
Cd1P1Pt5,2.37478
Mg24N16,4.43222
Cu2P2Sr2,5.57176
Ga3Mg3Y3,5.83419
Br2F2Sr2,1.98967
B1C2N1,187.621
Au6Ca10,0.642865
Br2Tl2,0.3249
Ba1Pd1Si3,5.50489
Cd2O8Rh4,2.28708
Ho1P2Ru2,14.7885
Ce2Ge6V2,5.58928
Al8Hf4,8.44045
C1Li4O4,6.5548
Co2Ta4,8.43775
Cd2S8Y4,1.80276
H1K1,2.25259
Au12Zn4,0.411514
Co2Fe1In1,9.14975
Mn3Sb1,2.74435
Ge6La8,2.63757
Pt4Ta2,5.10075
Cd2Dy4Se8,1.04931
Ge6N8,7.73662
Ge4Ho4Mn4,3.76825
Si6,7.2813
Bi4Cr4O12,3.78178
Se12Tb8,2.01399
Dy4O14Ru4,4.26953
H2Pd1Zr2,4.09036
Ce1Os4P12,7.71658
S1Th1,4.37343
Al1C1Dy3,13.965
B4Co4W4,15.9685
Bi4K12Se12,0.455595
C4H4,50.2858
Al1Mn1Ni2,10.4247
Er6Os8Si26,3.31543
Pb26Rh8Sr6,0.325357
B8Os4Tb4,9.48568
Ga4Li4O8,4.67502
Ni1Zn1,6.45847
Li3Si3Y3,7.45875
Al36Mg6V4,2.43746
Al1Hf1Ni2,3.56834
Ho3Sn7,1.78674
Ho4Os8,1.68806
Ag1F3Zn1,2.57892
Al2Er2Zn2,6.53584
Pt4Yb2,3.06005
Cu6Sb8Tb6,2.33773
Hg1Te1,1.19772
Cu2La1Si2,8.66599
C1Cr1,92.2822
Cu6Sb8Y6,2.39774
Ge1Mg2,10.8709
As1Sc1,18.3405
Gd3In1N1,7.9262
Er4Fe1Ga12,1.97578
Eu1F2,3.45762
Ga1Sb1,4.9879
Be1S1,41.9976
Hf1Rh3,14.0859
O24Si12,4.68816
Cs1H1,1.22114
In4K1,0.755701
Al8Zr4,10.6079
C1Ga1Y3,14.6446
Ru1Sc1,12.6336
Cd4P8,2.00221
Al8Co2La2,6.36347
Er1Rh5,6.21426
K12Sb4Se12,0.449864
Ca6N6V2,6.7652
Be26Pa2,11.5074
Be1O1,68.0806
As2Ca1Mg2,6.99156
Ir6Zr10,2.18011
O6W2,15.3918
N2V2,18.5801
Na1,0.92445
Bi1Ni1Y1,6.50141
La1Pd5,2.55141
Co4Dy4Sn4,3.08714
C8,166.925
Al8Dy1Mn4,8.09772
Ca2Sn2Zn2,2.98148
Ga4S8Sr2,2.7113
Ag1Cu4Dy1,0.583335
Br3Cs1Sn1,0.656047
In1Li1Sn1,2.0846
In1Ni2Tb2,4.33489
Al3Hf1,18.0594
K1,0.395712
Os2Si2U1,15.9746
O14Sn4Tb4,4.11772
Cu4Mn1Sn1,2.94325
As8Zr4,6.32943
Au1Sc1Sn1,3.66029
Bi4Pd4Se4,0.823729
Ca1Sn3,2.81985
O3Sr1Zr1,14.8962
N8Ni4O24,1.67057
B6Ir6Mg6,4.0235
Sb1Y1,10.5588
Ge26Ir8Yb6,1.1444
Er4Os8,1.74336
Pt6Sc6Sn6,1.99927
Ho4Mg2Se8,1.32939
Ir4Te8,2.56708
B6Y1,13.567
Bi1Y1,6.52194
Cr2P8,13.7047
Ag2Pb2Tb2,2.0501
Pt1Sb1Yb1,1.00753
Ga1Ni2V1,5.6256
Pt4Tb2,4.30528
Al1Au2Ti1,1.18828
Ag1Mn3N1,16.2358
As7Ho2Ni12,1.56181
F4Mg2,6.13146
Sb4Ta5,2.8749
Hf3Ru3Si3,10.0367
N4Ni8W12,5.85166
Pt1Sn1U1,1.04703
Dy4Li4O8,4.09064
Ge1Pt1Ti1,7.10184
C4Ti8,11.9129
Co1O6Pt3,4.44125
N4Nb12Zn12,5.03184
Co1Hf1,23.2757
H6Ru1Sr2,4.32425
I1K1,0.525554
Ge26Ir8Tb6,1.41641
Co4Sb12,2.59806
Ag1Pt5Si1,2.09432
La8Rh6,1.22864
Cr4Nb4P4,9.54724
As6Ru7U4,2.59012
C2Hf4In2,12.777
Br1Tl1,0.545293
As8Ba4Ge8,1.40407
Cd1F2,2.76298
Ca24N16,1.7293
N2Nb2,7.53961
Ho3In3Ir3,1.87356
Ba1Ga4,2.19296
Bi4O6,0.741669
Cu36In16,0.483051
Mn1V1,44.5248
Ag1P1Pt5,1.58553
Co2Sn1Zr1,9.27328
Mg3Pd3Y3,1.12064
As2Ba1Zn2,3.12369
Ge3Pd3Ti3,4.10559
Ba2Pb2Zn2,1.68172
K2P2Zn2,3.58557
Cd2Er4S8,1.64969
Cr4S8Zn2,3.15726
Be4Ti2,28.8864
Al1Hf1Pd2,0.71177
Ru4Tb10,1.97065
Co8Ge26Yb6,0.998261
C4Si2Ti6,21.176
P1Yb1,1.58542
C2Ca2O6,5.9987
Pd4Tb4,1.82334
Hg1Tb1,2.15168
Al9Er3Ni6,4.43042
Hg6Mg10,0.804725
Dy1Te1,3.8945
Al1Co2Hf1,61.6353
Er16In4Rh4,1.6392
B2C2Mo4,25.5812
Ag2As2Ba2,2.30341
Co8Ti16,2.97081
Hf10Si6,6.57181
Pa1Pt5,8.88295
Er4P4Pd4,3.59506
Be4O4,28.662
Mg1Rh1,11.3333
Er4Pt8Si4,2.14183
Er2Ga4Pd2,2.86644
Al1Li1Si1,17.4072
Os8Y4,2.04602
Ni2O12Sb4,4.63346
Er2Tl2Zn2,2.49661
O1Sn1Yb3,3.976
As2Dy2O8,5.04372
P1Pt5Tl1,1.90176
Ge6Ni2Y2,4.31842
Ge4Rh4,5.32288
Br32Ti8,0.324447
Cu4In1Y1,3.44776
O8Re4,12.2838
C1Lu1Rh3,8.26097
Ho1Rh2Si2,12.1715
Er14Rh6,1.25479
O4V2,19.367
Hf6Ni16Si7,3.56475
Al2C2Zr4,17.851
Cd2Dy4S8,1.57065
Rb4S2,0.455255
Cu2Te2Tl1,1.10456
La6Sn8,1.88497
C16,104.828
Al8O12,13.7281
Cd2Ho4Se8,1.05971
C8,161.938
Bi4Pt4Te4,1.16404
Al4Co2Y2,6.66628
As4Ge2Zn2,3.08327
Ni3P3Pd3,1.42184
Co2Sc1Sn1,4.41102
Co2P2Zr8,2.93078
La4Sb8,1.62288
Dy4Ge4Ir4,3.43509
Au1Ti1,2.31474
As12Co4,4.49766
Li2N4P2,22.25
As2Ca1Cd2,3.53399
C18Si18,16.3733
Au3Li1,0.445481
Cl6Cs2Ti1,1.04358
Au6Er6Sb8,1.25255
As4Fe4Nb4,3.46112
Ge6Ru4Tb6,3.40201
Ge4Mg2Tb4,5.11223
Mn1Se1,8.17748
Pd2Sb2Tb2,2.59722
Ga6Pt6Zr6,3.05539
Ba1O1,7.09175
Pt1Sn2,1.41719
As4Cu2Er2,4.67038
Cu1Ho1,6.62784
F6K2Mn1,1.94328
C2Nb4S2,13.942
Al12Mo4,9.44121
La2O8P2,4.44492
Si6V10,10.0905
Pd2Sn1Y1,1.60686
Al16Pd7Ti6,3.14955
Ca2In4Pd2,1.46322
Ir7Sc4Si6,6.87147
Mn1O1,13.7516
Dy1Mg1,6.22953
Li1Pd1,3.2406
Te1Yb1,5.69839
F3Mg1Rb1,4.52832
Be5Pt1,25.0936
Os8Y4,1.96147
Bi1Ga1O3,10.1276
In4Ir2Sr2,2.15815
Al1La3,2.3293
Ba2In8Ir2,1.56686
In2N2,6.83377
Ag2As2Sr2,2.74048
Cu2Si2Tb2,7.81616
Au4Mg4Yb4,0.776776
Sr1Te1,4.96221
O8Pd6Sr2,2.37955
Au2Th2,1.57494
Si4Ti2,18.938
Ga1Mn1Ni2,10.6305
Ba1Ge12Pt4,0.518243
Ag8S4,0.372196
Au2Br6Cs2,0.452325
As1Pd5Tl1,1.85416
Pt2Si2Th1,6.06696
S4Tl3V1,1.32044
Ir1La1Si3,9.75813
P4Zr4,11.9255
Er1Tl1,1.6723
Ir4La2Si4,4.67868
Mn8Sc4,3.32358
Ca2O6Si2,16.9549
Mg8Sr4,1.8252
In2P2,4.10905
Ga9Rb3,0.941782
Ba2O4Zr1,6.45536
Eu1O3Ti1,14.8487
Ho16O24,2.1579
Ir2Mo2,20.8517
P2Sb2Zr4,8.43584
Bi1O2Y2,6.52619
As1Tl1,2.06005
Al16Hf6Rh7,2.49561
Ca1O3Si1,29.3617
Al1Au2Sc1,0.903351
In2Pd4Th4,1.28568
Dy1Ni2P2,10.1007
Cl6Rb2Ti1,1.17799
Au16Hf4,0.666121
Ho4Rh4Zn4,1.3582
Ga4Zr6,7.08747
Cl6Pb1Rb2,0.413343
Os2,50.7919
Ag2Sn2Sr1,1.08503
Cl3Cs1Pb1,0.719095
Fe2Ge1Ti1,23.2667
Dy1Ir1Si3,8.26774
Ru3U1,13.0296
C6Sc8,9.93357
B6C2Nb6,21.5358
Cd1Hg2Ti1,0.727401
Ca2In4O8,2.30697
Cu4Er1Pd1,1.80705
Ho1Tl1,1.77377
Ba4F12Pd2,0.756364
Ag1Ti2,9.66728
K4Na4S4,1.12346
Hf4Ni4Sn2,4.57668
B3N3,60.0811
N1Zr1,21.7905
Cd2Hf2,4.22505
Mo1Pt2,14.0742
Co2Nb1Sn1,4.34209
B8Hf2Ir6,6.26813
Fe3Ge3,3.23645
Ru4Se8,5.15647
Ag2Tb1,1.69739
Au2Dy1,2.62348
In1Te1,2.05305
Ga4Li4S8,1.87859
Al16Os7Zr6,3.10511
Cd1Hf2,5.77528
Li1Pt7,2.33658
Na2,1.03373
La4O12Y4,3.70853
As2Ru2Sr1,9.21503
Ga2N2,18.5123
La8Ru8Sn24,0.683262
Hg2Sn2Sr2,1.37049
Pt1Sb1Sc1,6.8049
Rh3Sn3Zr3,3.49046
Pt2Sc1Sn1,1.47765
Hf6In8,2.02166
Cu1Rh2Sn1,4.86328
Li2O8Ti4,11.2029
Ba1Se1,3.18191
In2Ir1Li1,3.03407
Nb6Se8,3.80712
Ca2Ni4,2.38519
As3Na3Sr3,2.50784
Dy1Se1,4.56498
Ho2,14.7772
K8Te12,0.378655
N4Os8Zr16,3.89807
Li3N1,8.74618
Cd26Cs2,0.171012
N1Zr1,50.9792
Cu2Ga1Sc1,2.76616
Pd8Si4Y4,2.00223
Cd1Li2Pb1,0.775195
B6Pu1,20.6604
Ca5P8,5.15397
C4Ge2Ti6,17.5326
In8Ir1Yb2,1.07897
Dy3Ge3Li3,4.5721
Ba2O12Te4,2.56174
Br4K2Pt1,0.847889
Cl1Na1,2.12177
Er1Rh3Si2,11.2776
Sn4Th2,3.36927
C2Er10Ge6,2.76594
Nb1Pd2,8.80441
Ir4Lu4Si4,5.66882
B6Er1,10.3357
Cu4Mn4P4,2.85313
Ni2Sc2Si6,9.86156
Hg1P1Pd5,1.32462
As12Ir4,4.27824
Rh8Sb4,1.8218
Ag4Te4Tl4,0.233306
H2Zr1,3.53136
Ag4Ba4,0.713274
Mo2Pt2,15.1277
Ru4Sb4,5.17231
Au1Li2Sb1,1.33941
Ru3Zr1,10.5979
Sn3Yb1,2.45641
In2Li1Pd1,1.63892
As2Ba1Cu2,2.51726
Cl8Cu2Rb4,0.561956
N4V12Zn8,6.90964
Ag2Bi2Ca2,1.52037
Pd2Sr2Tl4,0.514134
Al2Li2Te4,1.53133
Ag2Li1Sn1,0.82723
Ir1Nb1,20.5383
Ga1Li2Pt1,2.29366
As12Co4,4.72015
Cr2O4,9.66821
Ag3Ca3P3,3.21762
P4Rh4Se4,5.88263
Al1As1,11.6444
C1Y1,4.12962
P4Ru4,10.1537
La4O14Zr4,5.3462
Ge6Ho4Rh7,3.69123
Ca1F3K1,2.89107
Cu1I1,1.2584
Au2Ca4N2,2.76581
N2Se1Th2,8.74277
B4Fe4W4,10.6777
Bi4Ir4O14,3.29991
Al1N1Tb3,10.6901
Ba4Ge4Pt4,0.95124
Mg2Rh1,10.5141
Cu6Ho6Sb8,2.16293
Cr4Cu2S8,1.90054
Au4Cd4Yb4,0.448128
B8C8Sc4,23.7205
H1Pd1,3.1288
Ga4Sc2,4.56328
Si106,1.19836
C1Ta1,61.4198
Br32Si8,1.26789
Li2P2Sr2,6.00183
Ca3Hg1,1.26658
Ga9Ru3Y3,3.17841
B4Hf6Ir10,5.47436
Fe2Rh4S8,2.09748
Pt4Y12,1.03128
Ag1Er1,3.68224
Ni4P4Th2,4.54789
Ga1Ni2Ta1,5.1066
Bi1Na1,1.96675
Ag10S8Sb2,0.475357
Ge3Ir1Sr1,4.09047
Cd4Co4Dy16,1.29919
Er2Rh4,9.25408
C3W6,13.6675
O8Rh4Zn2,4.08247
B2Tc2,40.9345
N3Nb4,20.6183
Cd4O8Si2,3.10276
Mo12N4Ni8,6.27578
B14Re2Y6,13.8413
O14Ru4Y4,4.75822
Ni4Y2,7.07391
Ca2Si1,5.93538
As2K2Mg2,3.14272
Au4Er8,1.00377
F4Ni2,3.64776
Ca4Mg4Si4,5.19726
Cd1Pt2Zn1,3.68847
Ca4In4Rh4,1.29388
Ge7Hf6Ni16,2.23128
Al1Bi1O3,15.9342
La2Pd2Sb2,2.86877
Ge4La4,3.95728
H3Ni1Yb1,5.01748
Cr2Cu2O4,4.84194
C1Dy3In1,11.5559
As1Ca3Cl3,3.41371
Au2Dy2Ge2,3.12127
As12Co4,4.56055
Au2Th1,3.02712
O4Pt2,6.02233
O24Y16,2.64266
O4S2Sc4,9.06028
Al4Pt8,2.13756
Al8Ba4Si8,2.4526
Ni2P2Ta8,8.04433
Ge2Sn2Tb2,4.05561
Al3Dy1,8.66879
Ir4Li8Mg4,1.23355
Ir4P12,7.5618
Al8Zr10,4.15339
Li1Pb1Pd2,0.57286
P2Pd2Sr1,4.28747
Fe1La1O3,13.9237
Ce1Zn1,6.13501
O3Ru1Sr1,4.93488
Fe2In2O6,1.88724
Cl1K1,1.23719
Ag4O4Rb4,0.545209
Nb10P2Si6,5.89999
Al1Zr3,13.9246
O24Tl16,0.474624
P1Tl1,3.16604
B1Ni6Si2,5.82174
La3Mg3Tl3,2.03432
Ge4Ho4Mg2,4.93397
Co4S4Sb4,5.42072
Al2Au2O4,4.9083
Cu2F6Rb2,2.02218
Rh4Si4Y4,5.32446
C1Rh3Sc1,9.87466
Ag2I2,0.191901
Ir5Sn7,1.91967
Te1U1,3.22
N4Nb4,14.9873
Ba2Ga4Se8,1.44823
In3Pd2,1.52235
Al8Dy12,2.15715
N1Tl1,4.82195
Ga12Pd1Y4,2.66597
Au8Cl24Cs8,0.58608
Ag1Mg1Sb1,1.19644
B4C4Tb2,19.4036
Sn4Y2Zn2,2.33702
O3Pb1Zr1,9.84373
Mn1Pb1Rh2,3.53935
Hg1Se1,1.04403
Bi1Dy2O2,6.01725
Bi2O8V2,3.72026
K12Sb4Te12,0.34716
H8Mg4,5.22643
Dy8S12,2.42768
Cu1Zr2,9.17171
Cs2H4Mg1,1.50805
F3Mg1Na1,5.40741
Ag2Bi2Ca2,1.44134
Ni1Sn1U1,2.47439
Au2Zr6,3.14792
Rh8Sn4,1.50651
Ca4Ge8Li4,2.06813
Er1Ni1Sb1,8.97732
Al1C1Sc3,22.7795
Cu2Er2Pb2,2.79132
Dy4Ni4P4,4.40975
Cd1O6Sb2,4.88431
Au2Tb1,2.42162
In4Li4Se8,0.822096
Cu2Na2Se2,1.84977
Be26Sr2,14.5127
Au2Dy2Sn2,2.77216
Cd2La1,2.62684
Cd4Sr2,0.715945
Ca2Ge2N4,6.24277
O6Re2,19.32
Cu2Dy2Sn2,4.33028
Cd33La3,0.321074
Rh1Tb1,6.20747
N1Sb1Sr3,5.80746
Mg3Tb1,5.28399
Rh5Tb1,6.08695
Al1C1Tb3,13.5368
Al4Au4Yb4,1.02614
Au1Bi1Ca1,2.30919
Nb6Te2,8.06703
C16,91.6602
S1Ti1,31.6162
Al4Pt12,1.97832
Cl1Na3O1,2.63317
C2Dy10Ge6,2.65673
Cu2S8Zr4,2.46149
Br1O1Rb3,0.773636
O4Rh2,11.6446
As1Ca3N1,10.5807
Fe1Nb1Sb1,14.2082
B6Th1,17.3902
Co4Sb12,2.59389
Mo2Rh2,13.0106
Bi1Li1,1.15101
Mn1Ni2Sb1,2.46844
Pd2Si2Tb1,5.56406
B6Ce2Ni21,1.71861
Dy3In3Rh3,1.63486
C2Tb1,10.7365
N4Ni8Zr16,3.25571
Cd2S2,1.7601
Ca3Cd3Ge3,2.65361
H2Th1,1.74416
Au2K2Te2,0.96442
Pb3Rh3,2.65614
Ca3N1Pb1,0.877301
Cu1Zn1,3.60069
Ru4Te8,3.93138
Ga4Mg2O8,5.80634
Cu2Sc2Sn2,4.44734
F6K2Ni1,2.18914
Cu2K2Se2,1.92942
In4Pd4Sr4,0.803833
Ho2Te4,2.02604
Ho3Ir3Sn3,2.5893
In1Pt3,2.52295
C2Ni1Tb1,20.5364
In4Pd2Yb2,0.963993
Al4Mg2O8,13.6176
Cl6Cs2Pt1,0.93101
Na12Sb4Te12,0.45301
Cs1F3Sr1,1.72397
Mo6Os2,9.29637
Hf4Ni4P4,6.09346
H1Mg1Ni1,9.54422
B4V3,49.6503
Cu3Mg3Y3,1.7611
Ni2Si2Zr1,11.4051
Al2Mn2Pt2,4.22074
In2La2Zn2,4.13547
Ge3La1Os1,6.22349
Ca24N16,1.74598
La1Ru4Sb12,2.11316
Ca10Sb6,2.04281
Ge14Ir6,2.59575
Cu2Sn2Tb2,4.55154
Ge2Ho1Rh2,6.63181
H8Mg4,3.81247
Ce3Ga3Ni3,2.45038
As1Cu3S4,1.89862
Ba4O12Ru4,2.67391
Ge1I3Rb1,0.82785
Ga4,6.69034
H2Si6Y10,5.14818
Ni4Sn4Y4,2.54029
Ga1Hf1Ni2,0.716183
Ge4Rh4Zr4,5.5295
Ca1,9.44272
Cl6K2Tc1,1.67366
Au2Be1,1.87419
Ho1Sn3,0.698719
Nb5P4Pd4,4.6004
N1Ta1,16.0175
Au2Ca2In4,1.15196
Mg2O8Rh4,3.77398
Dy1Rh5,6.03987
Mo3Ti1,15.7528
Dy4Ge6Rh7,3.60462
Ir8Sc16,1.33899
In1Li2Mg1,3.02073
Ir2Nb6,11.6356
Cd1Te1,1.70177
Co1Nb1,19.7376
Si10Sr10,1.9446
La2N2,4.35574
As4Co4S4,7.71781
Be1O1,82.7172
Mn2Na2O4,7.76154
Pt3Tb1,4.25845
Sb1U1,4.70368
Mg1Ni1Sb1,6.0606
Ca1Si2Zn2,5.68212
Ni4O8Si2,8.1978
Au2Ga2O4,2.9255
Ca4H8,4.00777
Rh3Si2Y1,12.2862
Au1Ho1Pb1,2.57263
Ag2Dy1In1,1.07687
B12Dy1,37.876
Cd1Cl3Cs1,1.10986
Mn8Sc4,3.43313
Pb1Te1,4.08023
Dy1Rh1,6.82856
Li4O10Si4,10.0766
N1Tl1,3.91552
Ag2Al2Te4,0.943954
Au24Na8Si8,0.307479
B4Ru2,31.2608
B1Rh3Y1,9.87521
Cu2Er2Sn2,4.42785
Ir4La16Mg4,1.07283
Ag2La1Si2,4.97276
Mg4N8Si4,13.0967
Ca4O8Sn2,4.51284
N4Sr2Ti2,7.47569
C1Nb1,78.8903
In3La1,2.87981
Al4Tb2,9.39143
Dy6Ga2O12,3.51157
B12Y1,42.1339
C1Ga1Sc3,19.9291
Mn2Sn1W1,15.1916
C19Si19,15.7908
Br8Li6Mg1,0.866196
Pu1S1,7.50128
Dy16Mg4Rh4,1.3457
Al2Hf4,9.22553
Pd2Si2U1,4.58134
Al4Ge2La4,5.51251
B4Li4Rh6,5.78428
Cu3O5Sr2,3.63613
Ca2In4P4,3.1537
Cs8Te20,0.312046
Dy4Ga4Pd4,0.710533
N8Zr6,13.6869
Ca1Pd2Si2,3.91309
In2Pt4Tb2,1.83411
C1Ti1,91.4544
Au1C2Cs1,3.33356
Ba2Ce2N4,5.08917
Al3V1,25.0707
C4Re2,28.5904
N2Re2,19.418
K2Sb2Sn2,1.50833
Pt5Pu1,4.64639
Cu2Dy1Ge2,5.16864
Ag2Br2,0.475994
B1Lu1Rh3,10.0724
Cu1Ge6Y2,3.92314
Ge4Pt4Th2,2.1627
F1K1,2.20533
P8Sc12,5.01961
B2N2,82.6791
Au4P6,1.48105
O14V4Y4,6.22808
F2Ho2S2,6.26803
F2La2S2,4.93591
Ru1Sb1Ti1,5.6113
Be2Si1,22.0829
Ge4Zr4,7.72131
F8Pb2Pd2,0.928124
Pd2Y2,3.32485
Co1La1Si3,10.8168
F2Sr1,3.49566
Sb4Zr4,5.7095
Bi1U1,4.78268
Lu1Pt1Sb1,5.66017
Mo2O4,12.0956
Ce1Pb3,1.28281
Lu6Os8Si26,3.34242
Ag2Ga2S4,1.57514
Au1Li2Sn1,1.09616
Ga4Se8Sr2,1.80968
P2Ta2,12.87
Er10Si6,4.72251
Ag2In2O4,1.49327
Al8B4Re12,3.4084
Fe2Hf8P2,2.59334
Sb2Zr4,3.25829
Bi8O12,2.31233
Hg6Y2,0.469715
As1Ba1Pd1,2.68432
In2S6Zn3,1.94549
Co4Si4V4,11.5991
C1Cr1,20.8326
Be2Pd6,1.39383
Cu4Hf4Si4,5.40844
Dy2Sn4,3.26052
P2Ru2Sr1,12.1183
Sc2Te2,4.16652
Ba1Nb4O6,12.4976
Ga2Sc2,8.28117
N4Os4,15.2873
Ba2F8Pd2,0.869524
Eu1Te1,2.02205
Be2C2N4,68.3642
Al3Er3Ni3,3.33866
Fe4Hf2,2.39784
Al3Er1,10.7424
Co8Y12,1.5827
Ba1Te1,2.6017
Dy12Pt4,0.788135
Ag1Cu4Yb1,1.09648
Br1K1,0.84292
B8Rh8Y2,5.12758
Ir1Li1,6.5718
Mg3Y3Zn3,2.72902
N2Tc4,18.7691
B6Ho1,11.2188
Ni2Ta1,11.687
As1Na3,1.58923
C2Co1Th1,15.5496
Ba2In4,1.64741
Cs1I1,0.286487
Ca1P2Ru2,19.5328
Cu3Nb1Te4,3.30112
Ta4Zn8,5.84161
Pb3Tb1,0.468345
B2Pd4,3.82102
Al8C4Mo12,3.29673
As12Co4,4.46794
Dy4Ge4Mg2,5.08064
In4Mn2S8,1.30611
Cu2In1Lu1,3.80571
S12Tb8,2.84732
As1Na1,5.58813
Al4O8Zn2,11.6634
C1Rh3Tb1,7.53173
Al7Cu16Yb6,1.05698
Os1Si1,22.4741
Ge4Mn4,0.992193
In2Se4Zn1,2.51657
Mg3Nb6O11,6.82779
N4Os2,25.3391
F3Rb1Yb1,2.1863
Ca6Rh8Sn26,0.406853
Ni1Sb1Sc1,11.3982
Ho16In4Rh4,1.5774
Nb6Sn6Tb1,5.69364
Ga3Hf3Ni3,5.51054
Be1H3Na1,10.7579
C3Nb4,21.7295
Ca1Hg1,2.97862
Ca1Cd2P2,4.67025
Dy1Tl3,0.48435
Ca4S12Zr4,3.40849
Ce1Pt3,5.85664
Li1Pd1,3.39727
Mg4Si2,1.84587
Fe1Ga2Hf6,5.37119
Ca4Ga4Ge4,2.19223
Al36Mg6W4,2.38891
Ni2S2,11.9317
Al8Zr4,10.6146
Ag3Pb3Y3,1.53505
Ru6Sn14,1.06825
B2Mg1,56.0154
Tb1Zn1,6.98598
Hg1Pt1,2.23816
As1Pu1,1.42466
Al2Pd5Y1,3.62437
Pd3Sc3Sn3,2.73852
Mo8P5,9.56334
Al8Zr4,10.5362
Cu4La4,1.0792
Al8C2O8,8.40465
Ni5U1,8.43193
F6Na2Ni2,2.43302
Er2,16.1785
Al4Ca12Sb12,1.2808
La1Zn1,5.71992
Sn2Ti4,5.82538
Cs2F6Ge1,0.821265
Ag1Pt3,2.22655
Pd8S2,1.22034
Ge4O8,8.83535
Cd1Tb1,4.02585
Be26Ho2,12.922
As12Rh4,3.72947
Co2Ga1Ta1,11.2182
La2Tl2Zn2,2.75996
Ge2Pd2Th1,3.92943
Ho3In1N1,9.15715
Ni6Sb8Zr6,2.96529
Mo2Pt4Si6,5.97809
Al1Co2Nb1,23.0936
Sb2Ta6,5.88011
Pd3Ta1,7.22395
O1Ta4,7.12301
Er6Ge26Ir8,1.73979
S2Ti2,11.5142
Mg1Sc1,12.8444
Ba4Ca4Ge4,1.40515
Pt3Y1,4.61989
C1Pu1Rh3,0.544656
Ir4Mn12Si4,2.16175
H3Mg1Ni1,4.10267
Ce1Rh3,8.04648
B2Rh2,13.0392
Ca1Tl1,2.08259
O8Si4,27.8279
Ca3Ga4Ni4,1.83861
Pt4Y2,4.52981
Pt4Se4Si4,4.0238
Er1Tl1,2.57479
Ba1Os2P2,8.15941
Mg24Sb16,0.657437
Cu2Hf1In1,4.78808
K2S1,1.68403
Al16Pt7Ti6,3.06831
As4Pd4Se4,1.48111
Br2La10Sn6,1.59115
Bi4Fe4O12,12.5194
Al4Pt4,4.6761
B1Ir3Sc1,11.9249
Cu4Mg1Sn1,3.40429
Pb1Pd3,2.33679
Ca3N1Sn1,1.31022
Au6Sr14,0.312061
Ca1Cs1H3,2.662
Al1Co2Ta1,13.6196
B4Re2,46.7336
As1Cd1Pd5,1.64888
Ge3Hf3Rh3,4.66687
H3Pd1Yb1,3.03113
Ag2Sn2Tb2,3.04608
Dy8Sb6,1.84676
Cu2Rh4Se8,0.956171
Hf1In1Ni2,5.06415
As2Rh2Sr1,4.76811
Ba6Mg23,0.86375
F6Ni1Rb2,1.46172
Au4Ba4,0.682268
Ga4Pt4Y4,1.45301
Bi3Sr1,0.924157
Au2Dy1In1,1.0706
Al2P2,12.0153
Re3Si3Ta3,10.9058
Fe4Hf4Si4,4.7644
Ga4Li4Se8,1.11692
Tl3U1,1.11481
Mo16N4Ni8,4.33167
Ba2F8Ni2,1.92704
Ca4Pt8,1.54825
Hf4Mo4Si4,9.32538
Co1In8Y2,1.45048
Al1Ba1Ge1,4.77145
Ir6W2,13.7822
O1Sr1,13.3637
Nb1Rh3,18.9689
Er1Pd1Sb1,5.20405
La2Pd4Sb4,1.15911
Eu1S1,9.72875
Mn1Ni1Sb1,1.62039
C1Sn1Y3,11.5151
Sn6V6Y1,4.93342
Ge4Mg4N8,6.75954
La6Sb10Zr2,1.81291
Al8Ba4Ge8,1.62676
Ce1Te1,11.0807
Mn1O3Sr1,6.37594
Mg2Sn1,5.37237
Mg6P4,5.51334
B12Tb1,37.8246
C1Pb1Pd3,1.46263
N4W2,30.8257
Ni1Sc6Te2,3.54445
Ru3Sc3Si3,12.6163
Ag2In1Sc1,0.930198
C1Mo1,58.2171
As4Mg6,3.33101
Ga1O3Pr1,5.63216
Mg2O12Sb4,5.37528
Ni4P12,7.38008
Co1O3Sr1,5.97575
Au1Cu3,3.02242
Ba2Be26,11.4948
As4Cu4S4,1.71639
Cu2Li1P2,3.27323
Au6Dy6Sb8,1.22942
Ba1O3Pr1,7.03495
In3La3Pd3,1.16867
O6Sr2Zr2,10.1876
Cr4Se8Zn2,1.75505
O14Pt4Tl4,2.70535
Cu2Ga2O4,4.54873
La1Mg1,8.27996
Re3Ru1,26.4135
Rb2S1,1.07787
Rb2Te4Y2,1.97686
Rb2Te1,0.705985
Cd1F3Rb1,1.63605
Na2O6Ta2,17.8237
In1Ni2Zr1,4.33064
N8Si6,33.5641
Cu3Nb1S4,5.6388
Nb4P4Zr4,10.0366
Ba2Li2Sb2,2.73232
Cu12N4Pd1,1.14098
Cl6Cs2Zr1,1.52754
Ge2V6,4.65089
K4O12Sb4,3.13029
Al8C8Si2,6.37861
As12Ir4,4.27943
Ag1Al1S2,5.04353
Gd1N1,31.8232
B48,10.1441
Ru2Te4,5.55201
S4Se4U4,2.97792
Er1Rh2Si2,11.9535
Er1S1,9.23629
Cd3Zr1,2.11184
Er1Os2Si2,11.5538
P8Si4,7.77965
As2C2Nb4,16.0713
Ho1Ni1Sb1,8.97175
Ir2N4,21.3003
N1Ru1,12.1175
Er4O14Ru4,4.33276
N2S1Th2,9.21037
Cd4Co4Ho16,1.11991
Au6K2Sn6,0.297897
Bi2Rb6,0.300378
C1Ni1,12.2368
Ba2Tl4,0.870755
N1Zr1,17.6224
Hf1Os1,29.9254
Mg2O6Si2,15.2027
Al4La2,6.99499
Re1Si2,22.0265
Mn1Rh1Sb1,3.62165
Dy2Pd2Sb2,3.38744
Rh3Sc1,10.1346
Co4Nb4P4,3.86745
B8Ho4Os4,9.31086
Cu1Pd1,3.88647
S4Sr2,4.02792
Se8U6,1.61557
N4Rh8Zr16,2.84101
Li2Si4Y4,5.95019
Ge6Ru7Sc4,4.2252
Nb8O24Zn4,4.53052
Re8W4,5.9875
O8Zr4,8.85618
B6Hf2Ni21,2.36458
Ho4Pt8Si4,1.99643
Ca4Sb2,4.68827
Al2Ti6,11.4228
Ba1Ru2Sb2,6.45607
Au2In1Y1,1.0512
Al2N2,37.5222
La3Pd3Sn3,2.0626
F4Zn2,4.45839
Au2Sn2Y2,3.02233
As3Hf3Ru3,5.51468
Ca6H4Pb2,2.00057
Al8In6Sr22,0.575649
N4Ru8Zr16,3.61421
Sr2Zn26,1.09856
Mg6Mn1O8,9.91502
Ca2N2Ni2,9.45342
Al2Pt2Ti2,4.61441
Ba1H3Li1,0.769721
Ru6Th14,1.25987
Mn1Ni4Y1,3.18049
Ge2Y2,9.4051
Dy1Hg2,2.04947
O8P2Tb2,7.14384
Dy5S7,3.34863
Cu4Te8,1.67288
Li2O1,19.3402
Ca4O12Ti4,8.4113
Bi1Ni1Zr1,4.36209
Na2S1,3.52548
Bi1Nd1,4.98708
Ca4Mn4O12,3.07098
B2C2Li2,53.3418
Dy8Se12,2.02021
Br4Na4O12,2.41482
Mn4O10Sr4,3.34065
Ba2Bi3,1.3491
C2U1,15.6025
N2Tl2,2.57656
Cu1Dy1,6.26072
La3Mg3Pd3,1.58069
Al1Pd1,8.60186
Er4Ge6Os7,3.77668
Al3Pd3Tb3,1.92727
Mg4N6P2,12.1158
O6Rb4Tb2,1.27197
Al12Ni4,4.64472
F6V1Zr1,4.11857
Au7Cd16Na6,0.145186
Ga1Nb1Ni2,6.63232
As1Gd1,15.3852
Ti2,30.9134
H1Pd3Tl1,1.94174
Ba2C8O8,5.15933
Au2In1Zr1,1.61793
Ba3O1Sn1,2.87552
Co2Y2,2.57575
In1Li2Pt1,1.33683
Ga3La3Mg3,3.96112
N4Ta2,11.8232
Cr4Cu2Te8,0.361188
Mo3Ni3P3,6.82361
Cd2In4O8,2.44862
Pb4S4,10.8818
B1Zr1,32.2494
O1Rb2,0.70091
Pd3V1,4.07099
Ba1Cu2Se2,1.89033
Dy4Ge4In2,2.36381
Br1H4N1,5.64689
Al4Er8,3.30151
Al1Re2,27.0053
Cl6Rb2Zr1,1.43125
Pt1Sc1,6.36826
Be2O2,53.2285
N4,17.8495
P4S12Th2,2.32028
Ce2Pd2Sb4,2.76457
Cr2Ho2O8,5.7556
Al10C6N2,13.3806
Al2C2Ti4,26.4006
B8Rh8Tb2,4.64926
Cl16Hg12O4,0.294549
Cu1Sc1,11.3908
Ba6Cr2S10,1.37123
Ba10Sn6,0.857093
Ca4I2N2,3.75076
Ca6Ga10,1.6712
Cd3Te3,0.939184
Ga3Ni3Ti3,5.56368
Co8Dy6Ge26,1.71436
Dy1Pd1,4.25013
K2Nb2S4,7.40201
B2W2,32.6847
In14K3Mg20,0.388592
C2Co1Tb1,18.4697
Br4Na4O12,2.39887
La6Pb26Rh8,0.536542
C1Ru3V1,22.9169
Co1Si3Th1,9.16192
Cl4Cs4O16,1.12733
Ag2Sc1,2.82917
Na6P2,1.58704
Ge2Ru2Th1,9.86852
H2Hf2Pd1,2.43731
Ge3Mn3Pd3,1.82693
Co2O8Rh4,3.59214
O8Sn2Zn4,3.18772
Mg3Tl3Y3,2.96486
Ba2In4Rh2,1.58386
O8Si4,16.0347
Sb2Y2Zr2,4.92184
Ag4O2,0.0174529
Ca2Hg2Sn2,1.29272
Ge2Ni4,2.60314
Ge3Pt6,1.12139
F3Mn1Rb1,2.75824
Pb2S2,3.06669
Er4Mg8,1.6879
Au2Ca2Sb2,1.70586
Ca4O12Ru4,4.07978
Cd2O2,1.66417
P3Ru3Ti3,10.6085
Re4Si4,6.08509
Co4Sb12,2.60804
Cd3Y1,2.06976
Ag1Tb1,3.76095
Sn6Tb10,2.67829
Ge2Li4O6,5.67772
F6Hf1V1,3.90932
Li1Pd2Sn1,1.25016
Er4Pb2Pd4,1.31023
Ge4Tb2,2.36111
Fe4Si4,19.6319
As2Nb2,14.9346
Mg4Si4Sr4,3.56197
Cu4O2,0.253177
Ho1Rh1,7.32271
La6O9,2.90735
Pt4Sn4Sr4,1.01876
Al4Au4Dy2,1.8081
Te2Zn2,2.91044
O1Yb1,17.4662
Dy1Ge2Rh2,6.82159
Ir8Sn26Sr6,0.600019
Br6Cs2Pt1,0.711059
Os4Si4,8.31694
Gd4O14Zr4,3.66031
As2Ni2,4.56621
Pb1Pt3,1.65327
Cd1Li2Sb1,0.863144
Ag2Er1,2.19604
Ho1P1,20.7779
Ho4Rh6Sn10,1.1783
Co4O12Se4,4.29365
Fe2Zr4,1.52389
Hg2Ti6,9.62683
Hf4O8,7.82442
N2Tc2,3.56693
C2Ge2Ti4,15.3282
Al4I2La4,3.44216
N1Na3,2.35311
Ga3Rh3Zr3,3.77552
Cu1,16.4319
Ga1Pt3,2.89648
Co2Er2Ge4,2.99871
Al3Ru2,11.4645
Ir2O4,8.97785
Cu1Ti3,6.15669
C1Mg3Zn1,6.27042
S8Sc4Zn2,3.44355
O3Sn1Ti1,12.9608
Al2Te4Zn1,2.75125
Ru1Zr1,25.2833
N1Re3,28.3356
Cd4La16Ru4,0.909134
Li2Te1,3.89618
As2Be2Na2,6.42497
Ca1O3Sn1,9.29177
Ga14Ni6,1.64839
Ba1Zn1,2.81468
H8W4,3.60283
Pt4Sn4Tb4,1.52535
Al2Pd1,4.41854
Au2Ca2,1.33299
Tc1Ti1,16.6499
Cs2F6Si1,1.34969
Ga9Ru3Tb3,2.95729
In3La3Rh3,1.67815
Au1Ca3N1,4.04562
Co2Sb4,4.65611
Gd4O14Zr4,5.79357
O1Sn1Sr3,4.58204
Si4Sr8,1.784
Ag1Y1,6.48975
N2Rh2,12.7834
Sn2Ti4,5.82212
Ga2Gd6O12,3.39673
Al36Mg6Ta4,2.00317
Ir2Sn2,4.63619
Cu2S4Tl2,1.13821
As2Rb6Se32,0.269721
Cl2La10Sn6,1.84448
C4Co8Mo16,5.65633
Rh4Sc4Si4,6.68522
Au4Ti1,1.0409
Bi2Nb6,5.235
Ge2Rh2Tb1,7.00957
Dy3Mg3Pd3,0.983454
Ge6W10,3.41954
B6Sr1,31.7532
H6Os1Sr2,4.37482
Ba8Si4,1.07591
La4Pd4Sn4,1.42346
C6N8,16.5839
U2,6.99915
Pd1Zn1,6.23748
In4Pt4Sr4,1.01829
Ag1Na1O1,2.42368
Hg1Sc1,4.15842
N12Rh4,9.59784
Al6C6Er2,16.322
Ho2S4,5.86956
Be44Mo2,12.7528
In1Sc3,7.6383
As16Mg4,1.84899
Sb2Ti6,3.13206
Nb4P4Ru4,9.30343
Au1K3O1,0.987767
Er3Mg3Pd3,0.998163
S1Y1,11.4306
Be4Ca2N4,12.5804
Ga2In2O6,5.6648
As4Ni4U2,2.40052
Al1Ge1Sr1,5.647
Ca1Te1,6.50572
Hf6Ni4Si6,6.07374
Mg24P16,1.79295
B2Ge6Nb10,8.24287
Ca1Ge2Ru2,7.15949
Bi4O12Rh4,2.54021
Ca3N1Tl1,4.5628
Er1Zn1,9.04826
F6Ge1Rb2,1.06944
Al1Ti1Zr2,7.56552
Ag4In8Na12,0.235264
C4Mg2,11.5712
Dy1Ir3,10.9919
Pt4Si4Y2,2.74829
Pt3Zr1,8.97856
Al6Ir2,3.62527
C8Pu4W4,8.4832
Ni2Si2Th1,10.2731
Ir1Y1,8.77357
B8Mo2U2,21.0859
B6La1,24.037
Mg2Te2,2.87117
Au4O4Rb4,0.672033
Mg1Tl1,0.238181
O10Ta4,39.2307
Bi4O14Rh4,2.65083
Ag1Li2Sb1,1.58384
Ir4Sn4Sr3,1.43043
Al1Lu3N1,10.6232
Bi1Dy1Pd1,4.05397
Al2Zr4,10.4569
S8Zn8,2.20024
Au1Er1,3.75609
Tb6,4.67276
Au2Ge2Th1,0.682441
Mg2Mo2N4,27.7483
C4H4N4,39.2886
Si8,9.40077
Tc1V1,37.8581
Au18In15Na6,0.168054
C1Ta1,7.63493
Ca3Ir6P6,2.61806
Ru2Si2Th1,16.1499
Cl1Cu1,1.20686
Sb6Tl21,0.0896796
Ge3Mn3Nb3,8.36134
H1Rb1,1.62749
Mn1Pd1Te1,1.56982
B1C5,136.777
C1Er3Ga1,2.66482
Pb1S1,2.14132
Hg1Ti1,4.04016
Ge4Ir4Zr4,5.74919
B6Ru4,19.8776
Ni8Si4Ta12,1.89099
As2Ca1Pd2,2.1064
Se12Sr4Zr4,2.21072
P8Sc12,5.31467
Hf2Hg1,6.27694
Dy1P1Pt1,5.95419
Cu2S1,1.94602
Er2Pt4Si4,2.34323
Dy4Ga12Pd1,2.37939
As1Cd1Li1,0.115071
Al4Gd4O12,7.79564
La2O3,3.83825
Ga1P1,2.68278
Mg12Ni8Ti4,2.57999
Si4Tc4,15.0932
Al4La4,4.30039
Pb1Pt5Si1,2.10918
P8Ru2,10.778
As2Hg1O6,2.8438
Al5Ba5Sn1,1.53304
Ge3Li3Y3,5.55901
C1Mo1,5.21211
Ba1Te1,3.48875
Cr1N1,45.6585
Al4Th6,2.40255
Ir4U2,7.21904
Ga12Lu4Pd1,2.25372
Br1Cs1,0.587776
Cu4K4S4,0.5004
Ni4Sb4Se4,2.40631
Cl6Cs2Ge1,0.757207
O4Ru2,11.7534
Ag2Dy2Te4,1.7712
Ba3Na3P3,2.03648
Pb1S1,2.33542
Mn4O12Sr4,3.19101
Ba2Hf2N4,5.30519
Al5Ca5Si5,4.38548
Re8Y4,2.30212
Ho2Pd6S8,0.94594
Er10Ni2Pb6,1.44353
Hf1O2,21.8378
Eu1Se1,3.31988
Bi4,0.00988102
B2Pt2,10.4267
C1Ta1,23.3919
Ni1Si2,5.92397
As4Cd2Sr4,2.04813
Au2Sn2,0.627925
Mo4Zr2,7.4037
Ba4Sb2,1.98574
B4S12Tb4,2.98739
Ga4Rh4Y4,1.45425
B2Sn6Zr10,5.64874
Mo6Sn2,9.10749
Cu1Tb1,5.53727
Mg1,10.7304
Bi4O14Ru4,6.47422
Be4Nb2,21.5439
Bi1Rb3,0.347701
Bi6La8,1.26647
C1Pa1,30.8236
Dy6Ni4,2.20245
Ag2Co2O4,2.95475
B8Ir4V8,9.9933
Mg1O6Pt3,4.45721
Er1Pd2Si2,5.27932
Ru3Ti1,14.91
Cd33Th3,0.384384
Os8Sc4,2.03695
Al6C6Y2,18.1961
Al1F5K2,3.2006
Al2C6V8,19.101
Cu3Se4Ta1,3.91849
B6Mg3Ni9,4.98024
Re8Sc4,4.59076
Cs2O4Y2,4.1819
Pb1Se1,4.81341
Fe1Ga12Ho4,1.97248
Dy10Ni2Pb6,1.54724
Bi2K6,0.45067
Dy2O8V2,5.50685
Ge6Rh7Sc4,4.35359
Al12Mn2,6.58041
Pt1Sb1Y1,6.17021
Pt4Si4Zr4,6.98688
Re1Ti2,19.3724
Sb1Sc1,10.2594
S1Sr1,9.4911
H10La4,2.58759
Br4Ca2,0.956454
Ag1La1,2.3113
B1N1,281.785
Cr4Hg2Se8,0.962853
As8Pa6,2.90416
Br6Cs2Mg2,0.627088
Ge4Nb4Pt4,2.48365
Ni1Sb1Yb1,1.40019
C8Re4Y8,6.85355
Er1Pd2Sn1,1.98222
Hf4N8,9.10177
Co4N12,20.7248
Au4Ga4Sr2,0.620202
Ag4O12Sb4,2.47447
Ag3Dy3Ge3,3.20393
I6Rb2Sn1,0.250113
Cu2F6K2,2.33043
Ca16Hg36,0.0749358
Se2Zn2,3.49511
K1N1,1.26873
Mg1Pd3,1.9332
Ho10Ni4Sb2,0.971491
Al1Ni2V1,6.06207
Au2Si2Th1,2.0651
Ga2Zr4,8.19702
As4Cd2Si2,2.4051
Nb6S8,6.30538
Er12Rh4,0.827864
Al2K2Te4,1.92813
Au2In1U1,0.665201
N3Os3,10.663
Ce6S8,2.13326
C1Pd1,5.43069
Hf1Ir3,19.2074
Ag6O8P2,1.07225
Au2Ca2P2,3.09323
Al6Pt10,1.77203
Sb1Th1,4.81521
Au2Ti2,4.32526
C1W1,85.4191
C2Re4,32.4936
Ni4Sb4Zr4,3.41375
Sr1Tl1,1.64671
Ca6Ir8Sn26,0.457234
Ge26Os8Tb6,1.7156
Mg4O12Si4,12.9046
N4Ru2,22.6549
Mg5Pt10Si16,2.01208
Cd3Nb1,4.22277
Hf8Ni8Sn4,2.9298
C2Os1,39.1391
Ba2F8Mg2,2.31105
Bi1Nd1Pd1,3.93051
Cs1F1,0.566103
Pd4Sc4Si4,3.48923
Mg6Ni16Si7,3.3528
Ge1O8Zr3,4.33192
C1Tl1Y3,10.8887
Li2Na1Sb1,3.77634
Cu2In2O4,2.52247
Sn2,2.78507
Er6Ga2O12,3.74371
O8Sn4,4.08945
Bi1La1,5.31458
Cd2Dy1,3.45044
Hf2Mo4,7.9128
Nb2P2,24.6762
Ga2Ho1,8.73397
La1P12Ru4,6.56452
La16Mg4Ru4,1.04296
Al1Re1,9.0019
In2Sc6,5.45353
Cd2P4Sn2,2.11472
Er4O14Tc4,5.35573
