mpid,formula,crystal_system,e_hull,band_gap,formation,space_group
mp-1220802,NaHSeO4,1,0,3.4107,-1.453205484,1
mp-28189,FeSeCl7,1,0,1.3187,-1.007458817,1
mp-1217322,TeSe,1,0,0.7062,-0.010930726,1
mp-1205403,AlSeCl7,1,0,2.5979,-0.963339142,1
mp-1173441,Re3Se2Br5,1,0,1.727,-0.868476721,1
mp-1228884,CsH3(SeO3)2,1,0,4.1517,-1.401269504,1
mp-773053,MgCr3Se3(SO8)3,1,0,0.1549,-1.738842697,1
mp-695043,K4PH5Se3O16,1,0,3.7688,-1.693741929,1
mp-1219132,Re2MoSe4,1,0,1.0564,-0.553162964,1
mp-1225986,Cu2Ag5Se4NO15,1,0,0.525,-0.901119048,1
mp-1224708,Fe2Pb(SeO3)4,1,0,1.8645,-1.433985983,1
mp-672258,CsHo2Cu3Se5,1,0,1.2914,-1.320056361,1
mp-1222696,Li5Mn5(SeO3)8,1,0,0.8682,-1.7384175,1
mp-720110,KRe3Os3(Se4Cl3)2,1,0,1.3025,-0.995741801,1
mp-675310,Na3(VSe2)5,1,0,0.1373,-1.080705707,1
mp-32633,Dy6Se11,1,0,0.5317,-1.930073411,1
mp-721239,Li10Ge(PSe6)2,1,0,1.3131,-1.049683512,1
mp-721253,Li10Si(PSe6)2,1,0,1.4633,-1.074566643,1
mp-1225982,CsGa5(HgSe3)4,1,0,0.8075,-0.799704149,1
mp-721252,Li10Sn(PSe6)2,1,0,1.3659,-1.053918454,1
mp-673706,Li7(Mo3Se4)4,1,0,0.0,-0.87501907,1
mp-680260,Ti45Se16,1,0,0.0,-0.77901078,1
mp-32873,Hf23Se25,1,0,0.0,-1.32180748,1
mp-1224120,La12Mn3(AlSe7)4,1,0,0.0635,-1.8493983,1
mp-684619,Pr27Se40,1,0,0.0,-2.189709401,1
mp-674338,K16Zr12Se61,1,0,1.3747,-1.277895571,1
mp-1209082,RbYSeCl2O3,1,0,4.313,-2.413829996,2
mp-560404,InHSeO4,1,0,3.4401,-1.527632935,2
mp-29871,Na4SeO5,1,0,1.3349,-1.522151527,2
mp-1226376,Cs2AsH3SeO8,1,0,3.8623,-1.620681281,2
mp-866480,CoMoH2SeO7,1,0,0.0528,-1.508496866,2
mp-560757,Ni3Mo2SeO11,1,0,2.3644,-1.605863343,2
mp-1196979,MoPbSeO6,1,0,2.3078,-1.694850116,2
mp-1197821,AlH14SeNO14,1,0,3.5761,-1.383017102,2
mp-23955,CuH2SeO5,1,0,0.0,-1.114410267,2
mp-560549,AuSeClO3,1,0,1.3674,-0.913483849,2
mp-556369,CdHg2SeO6,1,0,0.9506,-1.067895063,2
mp-1200193,Bi2Mo2Se2O13,1,0,2.8105,-1.689291039,2
mp-28346,SrSe2O5,1,0,3.2926,-1.597256957,2
mp-1189259,RbSbSe2,1,0,1.5375,-0.92486303,2
mp-1192612,RbZn2HSe2O7,1,0,4.2094,-1.598303197,2
mp-541582,ReSe2,1,0,1.1434,-0.463165818,2
mp-697945,K2CdH4(SeO5)2,1,0,2.9829,-1.491379394,2
mp-644334,K2CoH4(SeO5)2,1,0,0.3139,-1.477983089,2
mp-1189952,Na2NiH4(SeO5)2,1,0,3.1791,-1.438557191,2
mp-27361,Nb(SeCl)2,1,0,0.9934,-1.05477413,2
mp-1210406,NaInH12(SeO7)2,1,0,3.6739,-1.36063117,2
mp-643776,Na2ZnH4(SeO5)2,1,0,3.0449,-1.486083095,2
mp-1194909,AlSb2(SeCl2)2,1,0,1.122,-1.301343703,2
mp-1200408,SrMo2Se2O11,1,0,2.7115,-1.933386667,2
mp-560898,NaPr(SeO4)2,1,0,3.3741,-1.967363212,2
mp-559068,Na2Pd(SeO4)2,1,0,1.5109,-1.39716369,2
mp-1190423,Na2Se2O7,1,0,2.8061,-1.16538767,2
mp-1204412,Mo2PbSe2O11,1,0,2.476,-1.652577404,2
mp-560590,Nd2Mo(SeO5)2,1,0,3.3219,-2.432704633,2
mp-555354,KMn(SeO4)2,1,0,0.0371,-1.509976607,2
mp-559195,SmMnSe2ClO6,1,0,2.6978,-2.097448187,2
mp-1204562,Y2Mo(SeO4)3,1,0,2.9162,-2.241358452,2
mp-1542038,CsSnSe3,1,0,1.1896,-0.968889664,2
mp-579463,Cu2Pb(SeO3)3,1,0,0.2694,-1.217982516,2
mp-17540,Sr2Co(SeO3)3,1,0,2.9627,-1.988783393,2
mp-24540,Ni3H2Se3O10,1,0,2.6843,-1.287918129,2
mp-9692,K2GeSe3,1,0,1.7264,-1.096713106,2
mp-559755,Sm2(SeO3)3,1,0,3.9313,-2.046057625,2
mp-582378,Gd2Mo(SeO4)3,1,0,2.7362,-2.236155758,2
mp-1194712,Pr5Si2Se3O17F,1,0,3.9696,-3.013528909,2
mp-9693,K2SnSe3,1,0,1.646,-1.119194034,2
mp-31352,Er2(SeO3)3,1,0,3.9485,-2.077625936,2
mp-1194096,Sr2Ni(SeO3)3,1,0,3.0767,-1.981155261,2
mp-14242,Tl2GeSe3,1,0,1.153,-0.611030479,2
mp-14241,Tl2SiSe3,1,0,1.6828,-0.715550341,2
mp-1195382,Li2SnH14Se3O7,1,0,1.9732,-1.236122738,2
mp-613162,CsSnSe3,1,0,1.0499,-0.968224314,2
mp-28535,Ca2Se3O8,1,0,3.433,-1.777328824,2
mp-9145,Rb2SnSe3,1,0,1.6655,-1.137568621,2
mp-24178,Mn3H2Se3O10,1,0,2.7171,-1.592277962,2
mp-505097,Co3H2Se3O10,1,0,2.486,-1.305517294,2
mp-769014,Ho2(SeO3)3,1,0,3.9351,-2.074649478,2
mp-773051,Li2Mn3(SeO3)4,1,0,2.3399,-1.736354168,2
mp-562833,Co5Se4(BrO6)2,1,0,2.3268,-1.265273049,2
mp-555343,Ni5Se4(BrO6)2,1,0,2.8709,-1.224104052,2
mp-9797,K(SbSe2)2,1,0,1.1173,-0.574347675,2
mp-1006591,Mg(InSe2)2,1,0,0.7981,-1.002653055,2
mp-1211552,Li3Mn2(SeO3)4,1,0,0.7033,-1.735428198,2
mp-3312,Cs(SbSe2)2,1,0,1.122,-0.777727565,2
mp-1219275,Re2Os(Se2Cl)2,1,0,1.2869,-0.835952359,2
mp-505564,Bi2Se4Cl7,1,0,1.0179,-0.965965842,2
mp-1193700,Na3H5(SeO4)4,1,0,3.4814,-1.368960736,2
mp-556074,K2Cu3(SeO3)4,1,0,0.0913,-1.327130296,2
mp-1198097,Sr2SnH18(SeO3)4,1,0,0.8188,-1.446336102,2
mp-1192640,Na2Nb4Se4O19,1,0,2.3695,-2.242094083,2
mp-1198311,Hf(TlSe)4,1,0,1.3377,-0.933557289,2
mp-1221499,Mo2RuSe4,1,0,0.6317,-0.6708962,2
mp-1205061,Zr(TlSe)4,1,0,1.3254,-0.873788117,2
mp-1197266,Nd7Se4Cl3O17,1,0,3.7944,-2.816267007,2
mp-9798,Rb(SbSe2)2,1,0,1.1191,-0.767052543,2
mp-580748,Re3Se4Cl,1,0,1.1641,-0.560260591,2
mp-1194971,Ni5Se4(ClO6)2,1,0,3.1026,-1.265406134,2
mp-1205363,Ba2NdGaSe5,1,0,1.6574,-1.905005201,2
mp-28355,Na4Ge2Se5,1,0,1.6797,-1.014689077,2
mp-569060,Cs2PSe5,1,0,1.4824,-0.940226126,2
mp-1189376,Ba2SmGaSe5,1,0,1.708,-1.907945854,2
mp-1192085,Cs2Cu2Sb2Se5,1,0,0.8173,-0.761215186,2
mp-1212753,Fe2Ni3H4(Se3O10)2,1,0,2.0918,-1.335406478,2
mp-19985,TlIn(PSe3)2,1,0,1.4263,-0.558605098,2
mp-2422143,Pd(Se3Br)2,1,0,1.0937,-0.594833158,2
mp-1210726,Mg3Fe2H4(Se3O10)2,1,0,2.1885,-1.675461437,2
mp-558944,Tl2Cu3(SeO3)6,1,0,0.1641,-1.14759204,2
mp-645663,Te2Mo3Se7Br10,1,0,1.4804,-0.921716075,2
mp-861898,Rb3GePSe7,1,0,1.5629,-0.953461705,2
mp-1191952,Cs3SnPSe7,1,0,1.4189,-0.984912626,2
mp-1203849,Ga8Sb7Se8Cl29,1,0,1.6847,-1.290699506,2
mp-29589,Ta3(Se4Br3)2,1,0,0.0,-1.137392646,2
mp-541689,Na7In3Se8,1,0,1.1676,-1.119107746,2
mp-23635,TlRe6Se8Cl3,1,0,1.4347,-0.872135978,2
mp-541818,Rb4(BSe)9,1,0,2.1943,-0.774684622,2
mp-686581,In2(PSe3)3,1,0,0.7303,-0.354263834,2
mp-1202194,Cs2Hg(BSe)9,1,0,1.8712,-0.649333288,2
mp-541106,Nb2Se9,1,0,0.7747,-0.581150554,2
mp-541819,Rb2Hg(BSe)9,1,0,1.8297,-0.635178729,2
mp-1198415,Cs4(BSe)9,1,0,2.5433,-0.794855779,2
mp-676780,LiMn9Se10,1,0,0.0,-0.978702217,2
mp-1196535,Cs3B3Se10,1,0,1.7936,-0.840210862,2
mp-542140,Ta2Tl4Se11,1,0,1.1079,-0.57996637,2
mp-638104,Nb2Tl4Se11,1,0,0.9315,-0.790314802,2
mp-571228,Rb5Sn(PSe5)3,1,0,1.0812,-0.876290059,2
mp-1202454,Rb4Fe8CuH6(Se8O25)2,1,0,1.0194,-1.453590512,2
mp-1197601,Rb4MgFe8H6(Se8O25)2,1,0,2.3228,-1.507228824,2
mp-1224082,K(Ti3Se4)4,1,0,0.0,-1.489535434,2
mp-541758,Ta2Se17Br12,1,0,1.3907,-0.875865945,2
mp-573340,Nb2Se17Cl12,1,0,1.3224,-0.57898858,2
mp-1220065,Rb3(Cr5Se8)4,1,0,0.0,-0.901887938,2
mp-1228215,Cs3(Cr5Se8)4,1,0,0.0021,-0.90447579,2
mp-735586,KFe2H(SeO3)4,2,0,1.8546,-1.468105054,3
mp-1191333,Zn2MoSeO7,2,0,3.7131,-1.728052566,4
mp-1198672,OsSeS3Cl4,2,0,1.4276,-0.747876488,4
mp-1209169,RbVSeO5,2,0,3.1068,-1.974991799,4
mp-1225822,Cu5SeCl5O4,2,0,0.0677,-0.96856407,4
mp-1201217,CsVSeO5,2,0,3.0977,-1.98410848,4
mp-1193369,TiPb2Se2ClO7F,2,0,2.4534,-1.999411034,4
mp-1212028,LaHSe2O7,2,0,2.6835,-1.85938327,4
mp-1193560,NbPb2Se2ClO8,2,0,2.3641,-1.85091088,4
mp-542115,Hg3Se3O10,2,0,1.8689,-0.660123802,4
mp-531170,Tl4SnSe3,2,0,0.649,-0.556639977,4
mp-13538,KPrSiSe4,2,0,2.1773,-1.509517655,4
mp-21176,KCeGeSe4,2,0,0.0,-1.383137445,4
mp-680446,Cu3P4Se4Br3,2,0,1.1478,-0.481782794,4
mp-21097,KLaGeSe4,2,0,1.622,-1.461787651,4
mp-1192685,ZnH6(Se2N)2,2,0,1.4965,-0.528870377,4
mp-861606,KLaSiSe4,2,0,2.2081,-1.564348766,4
mp-12012,KPrGeSe4,2,0,1.6332,-1.40783855,4
mp-11634,KSmGeSe4,2,0,1.6626,-1.40225403,4
mp-28348,Ba2As2Se5,2,0,1.0237,-1.294868917,4
mp-7123,KSb(PSe3)2,2,0,1.8059,-0.641972024,4
mp-1105136,YTl(PSe3)2,2,0,1.5071,-0.907077235,4
mp-1105213,ErTl(PSe3)2,2,0,1.4836,-0.896815584,4
mp-1105141,TbTl(PSe3)2,2,0,1.529,-0.913621894,4
mp-1105449,SmTl(PSe3)2,2,0,1.5815,-0.924625335,4
mp-1105142,TlSb(PSe3)2,2,0,1.553,-0.485347103,4
mp-1105239,DyTl(PSe3)2,2,0,1.5375,-0.907883318,4
mp-680191,Na2Ti2Se9,2,0,0.7175,-1.121238895,4
mp-29198,Na5AuSe12,2,0,1.0246,-0.605261031,4
mp-1217269,TeSe2,2,0,0.6533,-0.010185599,5
mp-1196529,Na6W6Se2O25,2,0,2.7351,-2.082702191,5
mp-1218418,Sr3Se2(ClO3)2,2,0,4.2893,-2.468823115,5
mp-726032,KSe3,2,0,0.0,-0.800935826,5
mp-1221181,Na4Eu(SiSe3)2,2,0,0.9076,-1.286615083,5
mp-1221146,Na4Si2PbSe6,2,0,2.0895,-1.067774694,5
mp-1103351,Na4Mg(SiSe3)2,2,0,2.7632,-1.165330053,5
mp-1103730,Na4Mg(GeSe3)2,2,0,1.8221,-1.090674118,5
mp-1226281,CrAg(PSe3)2,2,0,0.6964,-0.520396304,5
mp-1221197,Na4Eu(GeSe3)2,2,0,0.3878,-1.216632138,5
mp-1228964,AlAg(PSe3)2,2,0,1.6206,-0.587002901,5
mp-1226296,CrCu(PSe3)2,2,0,0.64,-0.499916602,5
mp-1103757,Cu5Sn2Se7,2,0,0.0,-0.34750258,5
mp-1228721,Al4InAgSe8,2,0,0.6835,-0.993545881,5
mp-1224092,In5AgSe8,2,0,0.2236,-0.758815105,5
mp-1220845,Na9Sm(GeSe3)4,2,0,1.7108,-1.154814274,5
mp-1220844,Na9Sm(SiSe3)4,2,0,2.3999,-1.225757905,5
mp-1217676,Tb8Se15,2,0,0.2516,-1.964843763,5
mp-1191502,VIn(SeO4)2,2,0,2.1645,-1.707269761,6
mp-1221454,Na(VSe2)2,2,0,0.0,-1.076066034,6
mp-1222062,MnCdCu4(GeSe4)2,2,0,0.0,-0.544078492,6
mp-1211877,K2PH3SeO8,2,0,4.0697,-1.870610238,7
mp-607953,FeSeBr7,2,0,0.0864,-0.796398194,7
mp-753854,Rb2PH3SeO8,2,0,4.099,-1.873261607,7
mp-984519,NaAsSe2,2,0,1.0293,-0.650343116,7
mp-1220990,NaH3(SeO3)2,2,0,4.3395,-1.382723991,7
mp-558345,ZnFe2(SeO3)4,2,0,0.0,-1.432387019,7
mp-29193,Nb2Se4O13,2,0,2.1472,-1.862888696,7
mp-30325,In2(Se2O5)3,2,0,3.4802,-1.033324092,7
mp-1225967,CsPSe6,2,0,1.6167,-0.706089676,7
mp-1192452,RbNb2PSe10,2,0,0.913,-0.916855797,7
mp-1195822,CsNb2PSe10,2,0,0.8598,-0.927583456,7
mp-1223496,KNi2H3(SeO5)2,2,0,2.6967,-1.372546581,8
mp-1221027,NaNi2H3(SeO5)2,2,0,2.7127,-1.360925424,8
mp-28769,K(SnSe2)2,2,0,1.1727,-0.870193699,8
mp-1221515,MnZn4Se5,2,0,0.7303,-0.885894983,8
mp-680747,K4(BSe)9,2,0,2.1626,-0.677981122,8
mp-1218047,Ta4MoSe10,2,0,0.0,-0.896095584,8
mp-1227542,Ce7Ti4(Se2O)6,2,0,0.0,-2.499571813,8
mp-1217952,Ta12Co3Pt3Se32,2,0,0.0,-1.018462434,8
mp-29299,TeSeO4,2,0,2.9515,-1.345642259,9
mp-1226195,Cs3H(SeO4)2,2,0,3.4782,-1.663326348,9
mp-1224049,K3H(SeO4)2,2,0,3.3252,-1.651157047,9
mp-1078724,LiAsSe2,2,0,0.7504,-0.645072354,9
mp-1223368,La2Mn(SeO)2,2,0,1.7513,-2.73071523,9
mp-1219652,Rb3H(SeO4)2,2,0,3.4013,-1.656922316,9
mp-14659,KAsSe2,2,0,1.5959,-0.846891827,9
mp-1096812,Ag2SnSe3,2,0,0.0586,-0.473000474,9
mp-1224485,Hf2Se3,2,0,0.0,-1.457324311,9
mp-29959,TlBSe3,2,0,0.9154,-0.297648989,9
mp-1095291,Li2SnSe3,2,0,1.4797,-1.066355616,9
mp-15896,Cu2SiSe3,2,0,0.2387,-0.352307164,9
mp-1340,Ga2Se3,2,0,1.0436,-0.700867464,9
mp-11674,Al2Se3,2,0,1.8004,-1.008823536,9
mp-1228026,CsRe2OsSe4Cl3,2,0,2.106,-1.131286116,9
mp-1101086,AgSe5,2,0,0.0,-0.300452463,9
mp-1190429,Na2In2GeSe6,2,0,1.3672,-0.93781548,9
mp-1224631,La5Se6N,2,0,1.5881,-2.249373513,9
mp-1192737,Li4MnSn2Se7,2,0,1.065,-1.019852444,9
mp-866660,K3P2AuSe8,2,0,0.9632,-0.826683044,9
mp-1220616,Nd2Si2PbSe8,2,0,1.819,-1.321410641,9
mp-1220047,Pr2Si2PbSe8,2,0,1.8305,-1.327130651,9
mp-581517,K2In(PSe4)2,2,0,0.9656,-0.806739828,9
mp-1223272,La2Si2PbSe8,2,0,1.9379,-1.569529803,9
mp-542545,K3Nb2AsSe11,2,0,1.1648,-1.022161678,9
mp-683903,Cs3Nb2AsSe11,2,0,1.0014,-1.05852092,9
mp-683905,K3Ta2AsSe11,2,0,1.1878,-1.024450614,9
mp-683902,Rb3Nb2AsSe11,2,0,1.1729,-1.038247647,9
mp-674712,Ca(La2Se3)4,2,0,0.0,-2.354881227,9
mp-1218343,SrNd10Se12(Cl2O9)4,2,0,3.833,-2.41121505,9
mp-1220895,Na6B18Se17,2,0,2.1085,-0.636916911,9
mp-560149,SrFe2(SeO3)4,2,0,2.3146,-1.657333911,10
mp-1195050,SnIr2Se5,2,0,0.4225,-0.471809929,10
mp-1101793,YSeO3F,2,0,3.8843,-2.593790509,11
mp-545482,PdSeO3,2,0,1.0589,-0.701252032,11
mp-9205,KSeO2F,2,0,3.3338,-1.933038177,11
mp-755177,EuSeO3,2,0,0.0866,-2.248232023,11
mp-6989,BaSeO3,2,0,3.8866,-2.315497489,11
mp-28985,SbSeCl9,2,0,1.9981,-0.580705387,11
mp-3395,SrSeO3,2,0,3.7027,-2.064221844,11
mp-1095437,LuSeO3F,2,0,3.8707,-2.860256232,11
mp-570803,Ba2Ge(TeSe)2,2,0,0.8477,-1.471335028,11
mp-567318,TlSbSe2,2,0,0.0,-0.388810932,11
mp-18647,Nd3Ti3(SeO4)2,2,0,0.0,-3.348637551,11
mp-18082,Sm3Ti3(SeO4)2,2,0,0.0,-3.361001664,11
mp-1203751,Dy2Mo3H2Se2O17,2,0,1.6412,-2.155863429,11
mp-1198609,EuV(SeO4)2,2,0,0.0,-2.001251162,11
mp-1203163,GdV(SeO4)2,2,0,2.0264,-2.162825237,11
mp-1192577,FeBi2Se2Cl3O7,2,0,1.3914,-1.484224179,11
mp-644015,KVHSe2O7,2,0,1.9415,-1.727742977,11
mp-525,NbSe3,2,0,0.0,-0.76396488,11
mp-1208832,SmLuSe3,2,0,0.7935,-2.174970956,11
mp-28490,Tl3BSe3,2,0,1.2252,-0.400568664,11
mp-1102545,HfTl2Se3,2,0,0.6963,-1.122332672,11
mp-1683,ZrSe3,2,0,0.3979,-1.236771233,11
mp-29652,TaSe3,2,0,0.0,-0.742955231,11
mp-14447,Ba2SiSe4,2,0,2.2784,-1.724802341,11
mp-10382,KEuPSe4,2,0,0.0896,-1.241553665,11
mp-30151,CuAuSe4,2,0,0.0,-0.393256703,11
mp-570706,CsTiCu3Se4,2,0,1.0155,-0.953003083,11
mp-11902,Ba2GeSe4,2,0,1.4121,-1.623306927,11
mp-29388,K2Ge2Se5,2,0,1.8029,-0.952924828,11
mp-540615,Nb3Se5Cl7,2,0,0.9467,-1.119994936,11
mp-28019,NbCrSe5,2,0,0.0,-0.92100439,11
mp-11114,KCuPdSe5,2,0,0.9195,-0.715435134,11
mp-11115,RbCuPdSe5,2,0,0.5743,-0.722680079,11
mp-1219787,Rb2Bi4Se7,2,0,0.728,-0.907208704,11
mp-1229208,Cs2Bi4Se7,2,0,0.7745,-0.915026362,11
mp-571061,Nb3Se10Cl3,2,0,1.093,-0.807221936,11
mp-568011,K3P5RuSe10,2,0,0.9415,-0.770186948,11
mp-567731,Nb3Se10Br3,2,0,1.0205,-1.059187869,11
mp-669415,Ba3Bi6PbSe13,2,0,0.8085,-1.140456533,11
mp-2793,AuSe,2,0,0.2628,-0.140219075,12
mp-27793,Nb2Se,2,0,0.0,-0.598921481,12
mp-555909,Tb5Se2Cl3O10,2,0,3.7466,-3.026948309,12
mp-16234,CsAg3Se2,2,0,0.1918,-0.583937662,12
mp-31075,Hg3(SeBr)2,2,0,1.3272,-0.669636177,12
mp-557122,RbAu(SeO4)2,2,0,1.4267,-1.161184406,12
mp-1104036,Gd3Se2NO,2,0,1.754,-2.542860501,12
mp-1219343,ScCuSe2,2,0,0.712,-1.287751537,12
mp-1103697,Bi2Pd3Se2,2,0,0.0,-0.514980499,12
mp-30973,Ni3(BiSe)2,2,0,0.0,-0.381537694,12
mp-10477,RbAg3Se2,2,0,0.0612,-0.573175775,12
mp-1218083,Ta6TeSe2,2,0,0.0,-0.518336344,12
mp-1214772,Cs3(SeO4)2,2,0,0.4225,-1.594999369,12
mp-1200987,CsGa(SeO3)2,2,0,3.5463,-1.695563909,12
mp-1205627,Nb(SeI)2,2,0,0.9816,-0.932019868,12
mp-9782,KAg3Se2,2,0,0.0042,-0.566161854,12
mp-561519,NaFe(SeO4)2,2,0,1.9104,-1.419873174,12
mp-1095302,BiSe2,2,0,0.6721,-0.616252702,12
mp-28915,Mn3Se3O10,2,0,0.0,-1.630000142,12
mp-1173753,Na2Ga2Se3,2,0,1.3627,-1.053090094,12
mp-30291,Tb4Se3N2,2,0,1.3453,-2.057414417,12
mp-1215598,Zr2Se3,2,0,0.0,-1.582649306,12
mp-1029349,Y4Se3N2,2,0,1.3943,-2.128914199,12
mp-1102254,Cs2GeSe3,2,0,1.6552,-1.135323928,12
mp-1103379,Cs2SnSe3,2,0,1.7236,-1.165557398,12
mp-9794,Rb2GeSe3,2,0,1.4969,-1.110592219,12
mp-573891,K2Ag4Se3,2,0,0.0,-0.663270174,12
mp-14435,K3GeSe3,2,0,1.8279,-1.187501841,12
mp-7219,Na2ZrSe3,2,0,1.3166,-1.555228321,12
mp-862850,KPAuSe3,2,0,0.9937,-0.699465581,12
mp-1986938,Sr2Bi2Se3O2,2,0,1.3867,-1.8415903,12
mp-554519,Gd4Ti(SeO)4,2,0,0.3285,-2.975820359,12
mp-637251,Cs2SiSe4,2,0,1.9385,-1.146607788,12
mp-1104183,Mn(BiSe2)2,2,0,0.335,-0.667777973,12
mp-22700,V3Se4,2,0,0.0,-0.913763625,12
mp-1025180,Mn(CrSe2)2,2,0,0.0,-0.770480867,12
mp-1104024,Cs2GeSe4,2,0,1.6824,-1.051601747,12
mp-1210700,Mn(SbSe2)2,2,0,0.3928,-0.495499947,12
mp-1105005,Ni3Se4(ClO5)2,2,0,3.1114,-1.231240234,12
mp-571544,KTiPSe5,2,0,0.601,-1.052739959,12
mp-1190043,TlCr3Se5,2,0,0.0,-0.790300426,12
mp-8436,Ta2PdSe6,2,0,0.0,-0.784791043,12
mp-616220,Rb3(Cu4Se3)2,2,0,0.0,-0.617368835,12
mp-1221432,Na2(CrSe2)3,2,0,0.0,-0.97425917,12
mp-1193337,Cs5Ga3Se7,2,0,2.0982,-1.253751436,12
mp-570700,Hf3Tl2(CuSe4)2,2,0,0.5025,-1.203561037,12
mp-28818,RbCr5Se8,2,0,0.0152,-0.916166162,12
mp-3407,TlCr5Se8,2,0,0.0,-0.803379589,12
mp-975271,RbTi5Se8,2,0,0.0,-1.480372705,12
mp-505149,CsCr5Se8,2,0,0.0105,-0.918406305,12
mp-1207893,V5Se8,2,0,0.0,-0.943727521,12
mp-1104473,KCr5Se8,2,0,0.0037,-0.910383848,12
mp-1104327,Cr5Se8,2,0,0.0,-0.812293255,12
mp-1207399,Zr3Tl2(CuSe4)2,2,0,0.3182,-1.207891506,12
mp-1103598,RbV5Se8,2,0,0.0,-1.051392038,12
mp-1105859,CsTi5Se8,2,0,0.0,-1.471951805,12
mp-8244,Ti5TlSe8,2,0,0.0,-1.375937897,12
mp-976257,KTi5Se8,2,0,0.0,-1.479306662,12
mp-973666,KV5Se8,2,0,0.0,-1.060507075,12
mp-977368,K2Dy4Cu4Se9,2,0,0.7293,-1.501596021,12
mp-1226687,Cs3Sb5Se9,2,0,0.4103,-0.83264161,12
mp-863763,K2Y4Cu4Se9,2,0,0.7081,-1.499322637,12
mp-1199482,K2Gd2Sb2Se9,2,0,0.922,-1.321075749,12
mp-505133,Ta4Co2PdSe12,2,0,0.0,-0.991925551,12
mp-1226198,Co4Cu3(NiSe6)2,2,0,0.0,-0.592370703,12
mp-624253,Nb4Co2PdSe12,2,0,0.0,-0.995227237,12
mp-28800,K2Bi8Se13,2,0,0.8361,-0.808941485,12
mp-1192941,Nb8PtSe20,2,0,0.0,-0.873368138,12
mp-570270,NbSeCl3,2,0,0.7559,-1.245848913,13
mp-23498,NbSeBr3,2,0,0.7364,-1.311676528,13
mp-863017,RbZnH2Se2BrO6,2,0,4.0088,-1.472341059,13
mp-863023,RbZnH2Se2ClO6,2,0,4.3256,-1.50127844,13
mp-9576,KSbSe2,2,0,1.1298,-0.815191272,13
mp-1196171,LiScH2Se2O7,2,0,4.07,-1.964787559,13
mp-570887,K2Ag2SnSe4,2,0,0.8472,-0.840480039,13
mp-561035,BaFe2(SeO3)4,2,0,1.8294,-1.668796521,13
mp-23569,AsSe6IF6,2,0,1.577,-1.317241293,13
mp-1196459,Al2Sb5(Se2Br3)3,2,0,1.81,-1.047391767,13
mp-559000,SbSe6IF6,2,0,1.5285,-1.40942058,13
mp-28606,K3AuSe13,2,0,0.7186,-0.467481194,13
mp-1204878,Nb10Se40I3,2,0,0.1289,-0.942781215,13
mp-28885,PSe,2,0,2.2421,-0.090475402,14
mp-556414,CsTmSeCl2O3,2,0,4.227,-2.444843745,14
mp-554706,AsSe(ClF2)3,2,0,3.7139,-1.883358715,14
mp-30123,Hg2SeO5,2,0,0.7264,-0.569275534,14
mp-505373,AsSeI,2,0,1.2345,-0.468129095,14
mp-1102688,PrSbSe,2,0,0.0,-1.617111192,14
mp-630329,PbSeO3,2,0,3.3268,-1.138272878,14
mp-556429,Ag2Mo3SeO12,2,0,1.5519,-1.546568422,14
mp-1101891,LaSbSe,2,0,0.0,-1.73460813,14
mp-559575,AsSe(IF2)3,2,0,1.3837,-1.718828085,14
mp-1202375,NaB3SeO7,2,0,4.4681,-2.398303584,14
mp-1202364,MnSeO3,2,0,3.0996,-1.648298304,14
mp-557019,RbErSeCl2O3,2,0,4.244,-2.433335864,14
mp-1101894,FeAsSe,2,0,0.4486,-0.474923532,14
mp-769404,YSeO3,2,0,1.8121,-2.300222731,14
mp-1103256,FeSbSe,2,0,0.622,-0.493235287,14
mp-557997,CaSeO3,2,0,4.2602,-2.056268352,14
mp-5416,Na2SeO3,2,0,4.2235,-1.601208573,14
mp-1201119,GaH6C2SeI3,2,0,2.6612,-0.40597277,14
mp-4092,SrSeO4,2,0,3.5358,-1.860153472,14
mp-1201786,KB3SeO7,2,0,4.5432,-2.424005352,14
mp-1197058,MgH4SeO5,2,0,4.7945,-1.632060665,14
mp-555160,CsYSeCl2O3,2,0,4.2892,-2.423215631,14
mp-558026,SbSe(IF2)3,2,0,1.4032,-1.837953657,14
mp-1101771,SbOsSe,2,0,1.1234,-0.335562079,14
mp-557457,TmSeO3F,2,0,4.3012,-2.824682954,14
mp-24426,HgH2SeO5,2,0,1.4897,-1.078523485,14
mp-16913,Ag2SeO3,2,0,1.7022,-0.828547761,14
mp-29912,Sb2MoSe,2,0,0.0,-0.308467417,14
mp-1200093,Cs2PH3SeO8,2,0,4.1818,-1.876483019,14
mp-721583,CdH2SeO5,2,0,2.5187,-1.302662015,14
mp-570481,Se,2,0,1.6545,0.0,14
mp-542570,AsSe,2,0,1.368,-0.119492344,14
mp-769334,EuSeO4,2,0,0.0,-2.102235554,14
mp-22342,PbSeO4,2,0,3.1923,-1.054585994,14
mp-555955,LaSeO3F,2,0,3.7498,-2.817176767,14
mp-1215093,Cs2TeH6SeO10,2,0,3.3216,-1.49829084,14
mp-1222829,LaSeS,2,0,0.0,-2.095999966,14
mp-1214784,AsOsSe,2,0,1.0029,-0.313583646,14
mp-1102395,SbRuSe,2,0,0.7829,-0.624781102,14
mp-1179820,Rb2TeH6SeO10,2,0,3.529,-1.493629992,14
mp-24141,CsHSeO4,2,0,3.6444,-1.50953137,14
mp-1198324,Li2B8SeO15,2,0,4.8776,-2.637288233,14
mp-1214921,AsSe(BrF2)3,2,0,2.5724,-1.821698632,14
mp-769393,DySeO3,2,0,1.7861,-2.314388145,14
mp-572726,SbSeCl7O,2,0,1.945,-1.113448425,14
mp-1190442,FeSeO3F,2,0,1.4261,-1.690227892,14
mp-1212434,HfTe7SeCl6,2,0,1.0147,-0.992136028,14
mp-28372,AuSeCl7,2,0,1.7274,-0.356808604,14
mp-1214789,BSe2,2,0,1.7712,-0.194957052,14
mp-12984,TbCuSe2,2,0,0.8242,-1.453124328,14
mp-1209322,RbSm(SeO4)2,2,0,3.4408,-2.006950468,14
mp-541090,Ce(SeO3)2,2,0,1.2671,-2.135841528,14
mp-697888,Na2CdH4(SeO5)2,2,0,2.8694,-1.466353389,14
mp-1194403,PdPb2Se2(ClO3)2,2,0,1.456,-1.347666695,14
mp-1201159,Na2MnH4(SeO5)2,2,0,2.38,-1.535598739,14
mp-1198390,Rb2MnH12(SeO7)2,2,0,2.6843,-1.451991503,14
mp-510528,GdCuSe2,2,0,0.6894,-1.41012985,14
mp-1194904,CuHg(SeO3)2,2,0,0.7591,-1.071897373,14
mp-24755,Rb2NiH12(SeO7)2,2,0,3.4289,-1.399600914,14
mp-570205,PrSe2,2,0,0.0,-1.890629876,14
mp-1211600,KNd(SeO4)2,2,0,3.4429,-2.003497681,14
mp-510018,Rb2CuH12(SeO7)2,2,0,0.5613,-1.360141669,14
mp-570486,NbP2Se2Cl5,2,0,1.2163,-1.179456989,14
mp-559903,NaLa(SeO3)2,2,0,3.6423,-2.184002354,14
mp-1198329,K2MgH12(SeO7)2,2,0,3.9457,-1.522852646,14
mp-3739,NdCuSe2,2,0,0.7529,-1.452259168,14
mp-559160,NaSmSe2O7,2,0,3.3052,-1.809125962,14
mp-540625,GeSe2,2,0,1.4381,-0.579322415,14
mp-1202063,K2NiH12(SeO7)2,2,0,3.6116,-1.396574854,14
mp-571445,HfHg3(SeCl3)2,2,0,2.5501,-1.429334806,14
mp-1214960,AlH5(SeO4)2,2,0,4.4382,-1.597380225,14
mp-554163,Cu5Se2(ClO4)2,2,0,0.0,-1.033052392,14
mp-1211641,KLa(SeO4)2,2,0,3.5152,-2.033515623,14
mp-29139,NaAuSe2,2,0,0.9131,-0.617705985,14
mp-1204821,Tl2ZnH12(SeO7)2,2,0,3.9336,-1.292008309,14
mp-542813,K2BeH4(SeO5)2,2,0,3.2322,-1.656358071,14
mp-24546,MgH2(SeO4)2,2,0,3.3914,-1.472326117,14
mp-1194941,Hg4BiSe2Cl5,2,0,2.105,-0.938907573,14
mp-731052,MnH2(SeO4)2,2,0,1.8575,-1.305015603,14
mp-1200593,KH3(SeO4)2,2,0,3.4141,-1.310687549,14
mp-1197665,MgTl2H12(SeO7)2,2,0,3.9844,-1.393116479,14
mp-1197584,CsH3(SeO4)2,2,0,3.6551,-1.323315473,14
mp-697926,LiCd2HSe2O7,2,0,3.1466,-1.524817087,14
mp-555691,SrZn(SeO3)2,2,0,4.3754,-1.92487974,14
mp-779742,Cs2ZnH12(SeO7)2,2,0,3.767,-1.424594908,14
mp-30236,TlAsSe2,2,0,1.0901,-0.475694008,14
mp-29567,CuSe2Br,2,0,0.8486,-0.605062769,14
mp-570520,ZrHg3(SeCl3)2,2,0,2.5759,-1.403149155,14
mp-779875,Cs2MgH12(SeO7)2,2,0,3.882,-1.526597606,14
mp-28536,BaSe2O5,2,0,3.3889,-1.915381485,14
mp-556959,VZnSe2O7,2,0,1.971,-1.69587725,14
mp-570668,LaSe2,2,0,0.2387,-2.025149988,14
mp-561998,Sr2CoSe2(ClO3)2,2,0,2.1714,-2.076112016,14
mp-11791,CeCuSe2,2,0,0.0,-1.444346102,14
mp-1250007,SiSe2,2,0,2.4771,-0.518573538,14
mp-14316,KPr(SeO4)2,2,0,3.4507,-2.00528479,14
mp-11792,PrCuSe2,2,0,0.7455,-1.449590298,14
mp-24547,ZnH2(SeO4)2,2,0,2.7465,-1.226454781,14
mp-1214073,Cs2MnH12(SeO7)2,2,0,2.7753,-1.451414715,14
mp-2969,CsSbSe2,2,0,1.1312,-0.94117614,14
mp-1205339,Ge(SeO3)2,2,0,3.728,-1.502288191,14
mp-31038,CuSe2Cl,2,0,0.5841,-0.336460636,14
mp-569970,ZrHg3(SeBr3)2,2,0,1.9368,-1.179235089,14
mp-1205399,BaZn(SeO3)2,2,0,3.7891,-1.914342132,14
mp-11793,SmCuSe2,2,0,0.8168,-1.444375933,14
mp-571250,TaP2Se2Cl5,2,0,1.7911,-1.245302911,14
mp-1211681,KSm(SeO4)2,2,0,3.4146,-2.006469613,14
mp-1198176,NbAl2(SeCl4)2,2,0,1.9186,-1.748179692,14
mp-581864,CsAsSe2,2,0,1.6394,-0.863772401,14
mp-28669,Mn(SeO3)2,2,0,0.9789,-1.425067441,14
mp-1232221,PmSe2,2,0,0.0,-1.883216726,14
mp-662535,PbSe2O5,2,0,2.9065,-1.002270465,14
mp-1209487,RbLa(SeO4)2,2,0,3.5194,-2.032979497,14
mp-11790,LaCuSe2,2,0,0.8712,-1.547132725,14
mp-559818,SrMn(SeO3)2,2,0,3.1701,-1.999258862,14
mp-1209454,RbPr(SeO4)2,2,0,3.4666,-2.001893375,14
mp-1180593,KH3(SeO3)2,2,0,4.3334,-1.403861999,14
mp-24182,Rb2ZnH12(SeO7)2,2,0,3.6833,-1.425218074,14
mp-780006,Rb2MgH12(SeO7)2,2,0,3.9236,-1.525127392,14
mp-1197205,K2ZnH12(SeO7)2,2,0,3.6817,-1.42283928,14
mp-553947,Sr2NiSe2(ClO3)2,2,0,3.387,-2.065717528,14
mp-1198362,Tl2NiH12(SeO7)2,2,0,3.8339,-1.26525079,14
mp-1194518,V2Se2O9,2,0,2.259,-1.779999213,14
mp-29260,Ti(SeO3)2,2,0,2.2003,-1.972831038,14
mp-1194798,Sc2Se3O10,2,0,3.6378,-2.161643829,14
mp-18411,Na3GeSe3,2,0,1.8881,-1.06058703,14
mp-31314,K2PSe3,2,0,1.7683,-1.048984687,14
mp-1196912,CuP4Se3Cl,2,0,1.6399,-0.412183029,14
mp-1191826,KBaAsSe3,2,0,1.6299,-1.339824937,14
mp-7198,SrPSe3,2,0,2.1432,-1.128138446,14
mp-9682,Na3AlSe3,2,0,2.3831,-1.288684136,14
mp-11673,Sc2(SeO4)3,2,0,3.3788,-1.996834036,14
mp-505098,Fe2(SeO4)3,2,0,2.2467,-1.261185955,14
mp-11007,CaPSe3,2,0,1.9014,-1.051984898,14
mp-1195841,VPb2Se3O10,2,0,2.376,-1.61517053,14
mp-1195701,TlAgPSe3,2,0,1.2991,-0.462008117,14
mp-1204253,Cu4Se3O10,2,0,0.1667,-1.080374752,14
mp-865980,CsAgPSe3,2,0,1.4308,-0.750352934,14
mp-20316,PPbSe3,2,0,1.6645,-0.411696906,14
mp-541875,K3SnSe3,2,0,1.6276,-1.194529417,14
mp-510283,CsGaSe3,2,0,1.6041,-1.072051265,14
mp-1212349,In2(SeO4)3,2,0,2.3097,-1.03142384,14
mp-573358,CsBSe3,2,0,1.7167,-0.85585178,14
mp-542448,Cs3GaSe3,2,0,2.1993,-1.279530165,14
mp-541997,K3FeSe3,2,0,0.0,-1.067580413,14
mp-553909,Tl2(SeO3)3,2,0,1.9808,-1.202248973,14
mp-541687,K3GaSe3,2,0,2.4441,-1.269708642,14
mp-29833,Bi2(SeO3)3,2,0,3.2697,-1.458591368,14
mp-6300,RbHgSbSe3,2,0,1.0737,-0.766954379,14
mp-18217,K3AlSe3,2,0,2.4697,-1.395650319,14
mp-569129,TlCuPSe3,2,0,1.1535,-0.477579529,14
mp-1194625,Rb2Mo3Se3O16,2,0,2.6974,-1.759525902,14
mp-1208398,Tl2(SeO4)3,2,0,1.4303,-1.083808703,14
mp-1213486,Fe2H2Se3O10,2,0,2.3287,-1.383012532,14
mp-1194590,B2Se3O10,2,0,3.738,-1.651668404,14
mp-683974,Pr2(SeO3)3,2,0,3.4481,-2.284868181,14
mp-20742,EuPSe3,2,0,0.17,-1.107034159,14
mp-28394,Tl2PSe3,2,0,1.5421,-0.403107977,14
mp-1105180,Sr2Sb2Se3O2,2,0,0.7682,-1.827377572,14
mp-568611,KCuPSe3,2,0,1.0053,-0.720559654,14
mp-1196972,KAgPSe3,2,0,1.3696,-0.719878662,14
mp-29173,V2Se3O11,2,0,2.1647,-1.662875121,14
mp-1201201,Cs3B(SeO4)3,2,0,3.1535,-1.718070126,14
mp-23575,AsSe3(ClF2)3,2,0,1.9559,-1.607950498,14
mp-1104988,Ba2Bi2Se3O2,2,0,1.4193,-1.833291937,14
mp-1182406,CrHSe3O8,2,0,3.0003,-1.451602463,14
mp-1201069,CsCuPSe3,2,0,1.3477,-0.749633454,14
mp-11008,BaPSe3,2,0,2.1651,-1.294053818,14
mp-28419,K2TeSe3,2,0,1.7896,-0.844382747,14
mp-909,As2Se3,2,0,1.4466,-0.139482854,14
mp-28278,Na2GeSe3,2,0,1.6256,-0.987196638,14
mp-17148,Na3GaSe3,2,0,2.0844,-1.16056519,14
mp-29022,K2GeSe4,2,0,1.7867,-1.016514825,14
mp-1201155,Cu5Se4(ClO6)2,2,0,0.0,-1.075102962,14
mp-28303,Na3SiSe4,2,0,1.7548,-1.030623323,14
mp-28393,P3Se4I,2,0,1.6437,-0.346165106,14
mp-27532,Si(PbSe2)2,2,0,1.8131,-0.627275367,14
mp-568379,KInSnSe4,2,0,1.3747,-0.941647967,14
mp-1202969,Tc3Se4I,2,0,0.9837,-0.828587204,14
mp-1221692,MnCuSe4,2,0,0.0,-0.398957841,14
mp-15380,Sb9Se4F39,2,0,1.9267,-2.510395861,14
mp-624200,Re3Se4Br,2,0,1.4421,-0.767853884,14
mp-28566,NaTiSe4,2,0,0.916,-1.172793048,14
mp-17465,Gd2Cu(SeO3)4,2,0,0.0,-2.105749019,14
mp-1214500,Cs2Re3Se4I3,2,0,2.0739,-1.061102915,14
mp-1198737,CsTc3(Se2Br)2,2,0,1.0219,-1.13752168,14
mp-18267,La2Cu(SeO3)4,2,0,0.429,-2.041895562,14
mp-1209628,RbGaSnSe4,2,0,1.3781,-0.990595327,14
mp-4727,Ba(SbSe2)2,2,0,0.8717,-1.065743429,14
mp-556303,CuBi2(SeO3)4,2,0,0.0,-1.36520515,14
mp-540940,Ti(TlSe)4,2,0,2.1544,-0.881379006,14
mp-29767,Pt5Se4,2,0,0.0,-0.383304858,14
mp-505750,Rb(SnSe2)2,2,0,0.8822,-0.876201388,14
mp-562404,Li2Co3(SeO3)4,2,0,2.6422,-1.497162878,14
mp-1216305,VSb(SeO3)4,2,0,1.5958,-1.53788581,14
mp-1201552,Ga2Cu(SeO3)4,2,0,0.7535,-1.461585172,14
mp-1202357,CsRe3(Se2Br)2,2,0,1.4231,-1.051287062,14
mp-1201376,ZnIn2(SeO3)4,2,0,3.8886,-1.520745784,14
mp-1192595,Ba2SnSe4,2,0,1.2646,-1.633364206,14
mp-17874,Sm2Cu(SeO3)4,2,0,0.52,-2.003239493,14
mp-1205478,SbSe5F6,2,0,1.4677,-1.590816174,14
mp-573109,Sm2Se5O13,2,0,3.6065,-1.662407098,14
mp-680168,K2Re3C2Se5N2,2,0,1.1218,-0.683996958,14
mp-1204061,K4As2Se5,2,0,1.1592,-1.021338617,14
mp-18112,Sr2Ge2Se5,2,0,1.1029,-1.325382537,14
mp-622199,KCuP2Se5,2,0,0.8444,-0.61302625,14
mp-628804,K2EuSiSe5,2,0,0.339,-1.347061447,14
mp-582708,Cs3GeAsSe5,2,0,1.7514,-1.028562325,14
mp-568855,K2Hg(PSe3)2,2,0,1.3922,-0.778263398,14
mp-11643,K2Mg(PSe3)2,2,0,1.6572,-0.973371605,14
mp-555589,Fe2(Se2O5)3,2,0,0.7094,-1.312157954,14
mp-541897,Rb2Cd(PSe3)2,2,0,1.7917,-0.854305311,14
mp-555802,Zn3Fe2(SeO3)6,2,0,2.4708,-1.455990136,14
mp-1211534,KPr(PSe3)2,2,0,2.0113,-1.091347222,14
mp-558202,Fe2Cu3(SeO3)6,2,0,0.2582,-1.24859309,14
mp-569435,KBi(PSe3)2,2,0,1.3545,-0.6842497,14
mp-569618,NaCe(PSe3)2,2,0,0.1414,-1.024768515,14
mp-541916,Rb2Ag(AsSe2)3,2,0,1.2402,-0.700409,14
mp-1195020,PrTl(PSe3)2,2,0,1.8205,-0.932716351,14
mp-1203611,Ga2Cu3(SeO3)6,2,0,0.0481,-1.337022179,14
mp-570593,RbAg2(AsSe2)3,2,0,1.0057,-0.526920764,14
mp-1195195,CeTl(PSe3)2,2,0,0.0,-0.914590577,14
mp-863753,Cs2Mn(PSe3)2,2,0,0.965,-0.859256494,14
mp-1201929,BaLa(SbSe3)2,2,0,0.6453,-1.379474266,14
mp-1213727,Cs2(PSe2)3,2,0,1.3135,-0.765813169,14
mp-567864,TlBi(PSe3)2,2,0,1.3847,-0.528126861,14
mp-560955,Ba2Mn3(SeO3)6,2,0,0.9861,-1.836990161,14
mp-571662,KLa(PSe3)2,2,0,1.9747,-1.134322815,14
mp-1195547,LaTl(PSe3)2,2,0,1.7775,-0.97493126,14
mp-541915,K2Ag(AsSe2)3,2,0,1.2346,-0.691736012,14
mp-1200516,In2Cu3(SeO3)6,2,0,0.3895,-1.297736702,14
mp-1204289,Cs4BiAs3Se7,2,0,1.4739,-0.92321307,14
mp-645655,TeMo3Se7I6,2,0,1.0701,-0.735198493,14
mp-568644,K9InSe7,2,0,1.8024,-1.232797415,14
mp-29386,K6Sn2Se7,2,0,1.6684,-1.186122996,14
mp-542078,K2LaP2Se7,2,0,1.4116,-1.174220363,14
mp-1199546,Sr10Sb16H6Se7O30,2,0,2.0038,-2.004236298,14
mp-542079,K3La(PSe4)2,2,0,1.4575,-1.192551749,14
mp-866688,Cs4P2PdSe8,2,0,1.4224,-0.992793112,14
mp-557236,Te2As2Se8S(OF6)2,2,0,1.1774,-1.656266634,14
mp-1218308,Ta2Se8Br,2,0,0.5301,-0.954068753,14
mp-669351,Rb3Ce(PSe4)2,2,0,0.2138,-1.15254502,14
mp-680185,CsRe6Se8I3,2,0,0.9431,-0.818604503,14
mp-31229,Na4(BSe)9,2,0,2.2101,-0.680606984,14
mp-1195068,Ba3Ta2Se9,2,0,1.202,-1.576411596,14
mp-28975,Bi2(PSe3)3,2,0,1.248,-0.495044008,14
mp-570411,K12In2Se9,2,0,1.646,-1.247423321,14
mp-1197620,K3As(PSe3)3,2,0,1.5724,-0.769214213,14
mp-15046,Sb2(PSe3)3,2,0,1.3286,-0.182319531,14
mp-1201199,Cs3As(PSe3)3,2,0,1.7495,-0.814353403,14
mp-1199727,Rb2Ag2Sn(PSe3)3,2,0,1.5971,-0.677976868,14
mp-1199715,K2In2P3Se10,2,0,1.5675,-0.762991319,14
mp-570167,Rb3SnP3Se11,2,0,0.794,-0.792165933,14
mp-1197158,Cs3Nb2Se11,2,0,0.8621,-1.102939052,14
mp-28428,K3Nb2Se11,2,0,0.8636,-1.068875031,14
mp-571293,Rb2BaNb2Se11,2,0,1.2878,-1.217559986,14
mp-570757,Nb2Tl3CuSe12,2,0,0.5732,-0.769117696,14
mp-569378,Rb3Ta2AgSe12,2,0,1.425,-1.019109294,14
mp-6168,K3Nb2CuSe12,2,0,1.1323,-1.017774884,14
mp-30105,Ba2B4Se13,2,0,1.333,-0.87635302,14
mp-683936,Ba4LaGe3SbSe13,2,0,0.9686,-1.457794822,14
mp-1197713,K2H2Se(IO5)2,2,0,3.7575,-1.311290959,15
mp-23969,ZnH2SeO5,2,0,2.7214,-1.347913976,15
mp-23968,NiH2SeO5,2,0,2.6943,-1.250130849,15
mp-23966,MgH2SeO5,2,0,3.4068,-1.693305206,15
mp-643412,MnH2SeO5,2,0,1.9027,-1.45554709,15
mp-1220837,NaHSeO3,2,0,4.0231,-1.535609508,15
mp-560907,MoSeS2Cl5,2,0,2.0114,-1.034122206,15
mp-541817,NbSeI3,2,0,0.627,-0.883071264,15
mp-540675,SeCl4,2,0,2.9491,-0.349825508,15
mp-723043,K2TeH6SeO10,2,0,3.4641,-1.492506595,15
mp-4426,Li4SeO5,2,0,2.4442,-1.948782194,15
mp-562826,CoSeO3,2,0,0.0,-1.308005138,15
mp-9178,CdSe2O5,2,0,2.9054,-1.323404422,15
mp-28175,Pd(SeCl3)2,2,0,1.7002,-0.408247119,15
mp-31309,RbInSe2,2,0,1.6462,-1.148963118,15
mp-9639,BaCu(SeO3)2,2,0,0.0,-1.733232892,15
mp-17060,NaAlSe2,2,0,2.8666,-1.229169387,15
mp-863762,AlTlSe2,2,0,1.789,-0.900372655,15
mp-1211743,KAlSe2,2,0,2.4189,-1.352712014,15
mp-1194412,Pb3Se2(BrO3)2,2,0,2.8329,-1.44769166,15
mp-28562,RbAsSe2,2,0,1.6285,-0.85143755,15
mp-17254,TlGaSe2,2,0,1.5111,-0.691757995,15
mp-7086,RbFeSe2,2,0,0.0,-0.896729786,15
mp-4649,PdSe2O5,2,0,1.0057,-0.716459159,15
mp-1200720,CsInSe2,2,0,1.6302,-1.171159493,15
mp-9640,SrCu(SeO3)2,2,0,0.3056,-1.732138829,15
mp-1190543,Rb2Se2O7,2,0,3.0932,-1.550821226,15
mp-17839,K3Na(SeO4)2,2,0,3.2916,-1.789283324,15
mp-3199,CuSe2O5,2,0,0.0,-1.130997089,15
mp-7547,BaSe2,2,0,0.6166,-1.708274352,15
mp-505700,KInSe2,2,0,1.4816,-1.132913743,15
mp-1181715,NiH10(SeO5)2,2,0,3.8277,-1.266401129,15
mp-560193,SnSe2(Cl4O)2,2,0,2.7633,-1.154777643,15
mp-1205352,BaPd(SeO3)2,2,0,1.6511,-1.698655922,15
mp-1193210,Pb3Se2(IO3)2,2,0,2.633,-1.342586609,15
mp-1195277,Na2Mo2Se2O11,2,0,2.7772,-1.784468104,15
mp-972384,V2Se2O11,2,0,2.1812,-1.572733383,15
mp-1190160,K2Se2O7,2,0,3.0355,-1.54806607,15
mp-560263,Pr4Se3(O5F3)2,2,0,4.0058,-2.976467014,15
mp-1105809,Ce4Se3N2,2,0,0.0143,-2.290264344,15
mp-607806,Ho3Se3N,2,0,1.5205,-2.164040695,15
mp-1201169,P4Se3Br2,2,0,2.0653,-0.466243625,15
mp-1193554,Bi2Se3O10,2,0,3.2263,-1.416242787,15
mp-1205351,La4Se3N2,2,0,1.6577,-2.106673152,15
mp-7293,HgPSe3,2,0,1.2066,-0.181591272,15
mp-573581,Na2TeSe3,2,0,1.2031,-0.76478738,15
mp-567913,CsAuSe3,2,0,1.1919,-0.774623439,15
mp-1193194,Cs3GeSe3,2,0,1.6321,-1.190117891,15
mp-29745,Na2Mn2Se3,2,0,0.0,-1.133807604,15
mp-31303,Pr4Se3N2,2,0,1.3742,-2.000509451,15
mp-866716,RbLiH12Se3N4,2,0,0.8006,-0.590043872,15
mp-29194,Cs2Au2Se3,2,0,1.4734,-0.877387744,15
mp-30292,Nd4Se3N2,2,0,1.371,-2.030187313,15
mp-567734,AlAs3(SeCl)4,2,0,2.3258,-1.030452068,15
mp-1198048,Li2Cu3(Se2O7)2,2,0,0.6886,-1.310141319,15
mp-28334,Tl4SiSe4,2,0,1.5277,-0.669363584,15
mp-1195606,K2Zn3(SeO3)4,2,0,4.126,-1.627557376,15
mp-1189341,HfTl2PbSe4,2,0,0.6334,-1.050959443,15
mp-1189464,ZrTl2PbSe4,2,0,0.699,-1.052548886,15
mp-1195934,Na2Zn3H4(Se2O7)2,2,0,4.0703,-1.519057702,15
mp-1105692,Tl2Hg3Se4,2,0,1.0357,-0.329950313,15
mp-505798,Na4TiSe4,2,0,1.5273,-1.335474888,15
mp-27441,Au2Se4O11,2,0,1.4326,-0.591782494,15
mp-1196396,Tl4GeSe4,2,0,1.0793,-0.601362988,15
mp-1199265,Nb2Pb2Se4O15,2,0,2.6621,-1.888478024,15
mp-1198565,CuPb5Se4(ClO3)4,2,0,0.6854,-1.423966187,15
mp-541880,Rb2Ge2Se5,2,0,1.54,-0.960065381,15
mp-8966,K2Sn2Se5,2,0,0.8429,-0.982770608,15
mp-1209497,Rb2Si2Se5,2,0,2.3052,-1.0964671,15
mp-30100,Li2B2Se5,2,0,1.7047,-0.622424615,15
mp-9322,Rb2Sn2Se5,2,0,0.8433,-0.991024071,15
mp-542550,Cs2Si2Se5,2,0,2.4621,-1.121629968,15
mp-540818,Tl2Ge2Se5,2,0,1.4126,-0.610636713,15
mp-541355,Rb2(TcSe2)3,2,0,0.899,-0.999386007,15
mp-541060,K2(ReSe2)3,2,0,1.1361,-0.793381618,15
mp-557389,KMn5(SeO3)6,2,0,0.4471,-1.653382572,15
mp-10973,K2Ga3CuSe6,2,0,1.4218,-1.038116074,15
mp-541354,K2(TcSe2)3,2,0,0.8983,-0.888616077,15
mp-21713,K2In3CuSe6,2,0,1.1284,-0.97760566,15
mp-541059,Rb2(ReSe2)3,2,0,1.0359,-0.921010347,15
mp-1195170,Ni5H2Se6(ClO4)4,2,0,3.0001,-1.238584631,15
mp-616190,Tl2(ReSe2)3,2,0,0.8682,-0.502335278,15
mp-1196650,Na2(ReSe2)3,2,0,1.281,-0.855060654,15
mp-21705,K2In3AgSe6,2,0,1.4829,-0.981666272,15
mp-1194583,Ba3Sb2Se7,2,0,0.9486,-1.445342733,15
mp-16184,Rb2B2Se7,2,0,1.4887,-0.819878586,15
mp-1195632,ErTl2P2Se7,2,0,1.0722,-0.850222098,15
mp-542637,K2B2Se7,2,0,1.6406,-0.613718249,15
mp-1210225,Na5AgGe2Se7,2,0,1.1633,-0.95141801,15
mp-16961,Na6Si2Se7,2,0,2.1551,-1.096458159,15
mp-1195538,K2ScP2Se7,2,0,1.7243,-1.079283102,15
mp-5004,Na2B2Se7,2,0,1.4882,-0.713530353,15
mp-18100,Na6Ge2Se7,2,0,1.5871,-1.056078253,15
mp-16183,Tl2B2Se7,2,0,1.2951,-0.287256754,15
mp-1200105,K3Ta2Cu3Se8,2,0,1.987,-1.07835113,15
mp-1199633,Cs3Ag(AsSe2)4,2,0,1.6043,-0.751734754,15
mp-1202743,K3Nb2Cu3Se8,2,0,1.6021,-1.070884474,15
mp-582161,K3Ta2Ag3Se8,2,0,2.076,-1.041728628,15
mp-569862,Rb4P2Se9,2,0,1.4231,-0.945126764,15
mp-28256,V2Se9,2,0,0.722,-0.458509798,15
mp-569193,Cs4P2Se9,2,0,1.4458,-0.970384859,15
mp-583221,Ba7B4Se13,2,0,2.1147,-1.541746208,15
mp-650137,Cs4Re6Se13,2,0,1.0022,-0.931225178,15
mp-1200567,Cs4Hf3Se14,2,0,1.6894,-1.355873733,15
mp-768674,Cs4Zr3Se14,2,0,1.2226,-1.367582424,15
mp-542013,Rb4Zr3Se14,2,0,1.2338,-1.346294262,15
mp-1195193,Ag12Sn7H16(Se11N2)2,2,0,0.2223,-0.480199286,15
mp-2503,Pd7Se4,3,0,0.0,-0.300688745,18
mp-568525,Sr2SnSe5,3,0,0.908,-1.36031797,18
mp-23843,LiHSeO3,3,0,4.3019,-1.600788014,19
mp-29172,SeF4,3,0,4.1424,-1.762631333,19
mp-568936,Ag2Se,3,0,0.0,-0.217600815,19
mp-559961,Tl2SeO4,3,0,3.3241,-1.230827705,19
mp-757836,BeH2SeO4,3,0,4.8312,-1.719550853,19
mp-696794,RbHSeO4,3,0,3.6244,-1.503394664,19
mp-556378,BiSeClO3,3,0,3.5272,-1.473090818,19
mp-561328,SbSe(BrF2)3,3,0,2.5975,-1.943194246,19
mp-27996,H2SeO3,3,0,4.4855,-0.896520562,19
mp-1188652,TmAgSe2,3,0,1.7247,-1.424187275,19
mp-1181462,DyAgSe2,3,0,1.306,-1.43680077,19
mp-12955,HoAgSe2,3,0,1.2712,-1.432807804,19
mp-4044,ErAgSe2,3,0,1.2801,-1.43245458,19
mp-24574,NdH5(SeO4)2,3,0,4.4543,-1.716539023,19
mp-1188559,YAgSe2,3,0,1.2798,-1.43583753,19
mp-24335,YH5(SeO4)2,3,0,4.4317,-1.723056742,19
mp-558521,B2Se2O7,3,0,3.9418,-1.901219639,19
mp-24022,RbH3(SeO3)2,3,0,4.1504,-1.402955511,19
mp-28476,SrBiSe3,3,0,0.4969,-1.30553579,19
mp-13956,Ag2PSe3,3,0,0.8588,-0.336364039,19
mp-27365,BaBiSe3,3,0,0.7321,-1.327108726,19
mp-1204655,SrSbSe3,3,0,0.3581,-1.24348197,19
mp-1197024,FeBi(SeO3)3,3,0,2.6249,-1.438638885,19
mp-18585,RbAgSe4,3,0,1.1614,-0.696023,19
mp-1192812,CsSmGeSe4,3,0,1.6665,-1.42983281,19
mp-18105,CsAgSe4,3,0,1.2669,-0.714376624,19
mp-567873,RbSmGeSe4,3,0,1.6011,-1.413003708,19
mp-573969,CsCeSiSe4,3,0,0.2913,-1.51128422,19
mp-17095,CsCuSe4,3,0,1.1049,-0.738531835,19
mp-18365,RbCuSe4,3,0,1.0105,-0.722637222,19
mp-18609,K2Se5,3,0,0.9323,-0.684439074,19
mp-541055,Cs2Se5,3,0,0.9618,-0.943787891,19
mp-650178,Se5SO3F,3,0,1.4116,-0.942392359,19
mp-620372,Rb2Se5,3,0,0.8362,-0.918578355,19
mp-570622,NaGa3Se5,3,0,1.9413,-0.993323243,19
mp-31307,Ba2SnSe5,3,0,1.1384,-1.511799299,19
mp-571057,KY(PSe3)2,3,0,1.8811,-1.067687339,19
mp-1195633,Cs2MgSn3Se8,3,0,1.4299,-1.014674557,19
mp-1195667,Cs2MgGe3Se8,3,0,1.4687,-0.983424622,19
mp-1194701,Cs2ZnSn3Se8,3,0,1.2553,-0.942994901,19
mp-1195323,Cs2Sn3HgSe8,3,0,1.2034,-0.871284572,19
mp-1195716,Cs2CdSn3Se8,3,0,1.372,-0.928314622,19
mp-1194749,Cs2ZnGe3Se8,3,0,1.4028,-0.913369856,19
mp-1196224,Ba6Sn6Se13,3,0,0.0001,-1.467898472,19
mp-676712,ReSeCl,3,0,1.5368,-0.646753416,20
mp-569114,BaAg2SnSe4,3,0,0.0654,-0.967086198,23
mp-569790,BaAg2GeSe4,3,0,0.035,-0.948601903,23
mp-27367,SeOF2,3,0,4.0833,-1.412649284,29
mp-1103261,SiPtSe,3,0,0.7879,-0.736154612,29
mp-20817,GePtSe,3,0,0.6596,-0.708422574,29
mp-733581,PrH(SeO3)2,3,0,3.5309,-1.975477995,29
mp-1203210,ZnTeH12Se3N4,3,0,1.6757,-0.484652143,29
mp-683984,Al(SeCl)4,3,0,1.1038,-0.843153537,29
mp-17945,RbPSe6,3,0,1.8608,-0.695075516,29
mp-18625,KPSe6,3,0,1.8828,-0.681722184,29
mp-569883,Rb2(PSe2)3,3,0,1.4028,-0.745937708,29
mp-680333,Ge4Se9,3,0,1.2221,-0.564213326,29
mp-1195417,Cs4Ge(PSe3)4,3,0,1.3838,-0.828620942,29
mp-1195433,K4Ge(PSe3)4,3,0,1.3986,-0.794603427,29
mp-1195251,Rb4Ge(PSe3)4,3,0,1.3687,-0.809034293,29
mp-1192446,Pb2SeN2O9,3,0,3.245,-1.209254426,31
mp-10796,HgSeO4,3,0,0.844,-0.595841496,31
mp-1211361,MnAg2GeSe4,3,0,0.0088,-0.491092853,31
mp-30908,Ag3PSe4,3,0,0.1744,-0.336743404,31
mp-1210646,MnSi(AgSe2)2,3,0,0.6252,-0.547603714,31
mp-5756,Cu3PSe4,3,0,0.0,-0.202158093,31
mp-1210824,MnCu2SiSe4,3,0,0.4495,-0.56815842,31
mp-1188827,MgCu2SiSe4,3,0,0.818,-0.762536203,31
mp-10963,Ag2SnHgSe4,3,0,0.0,-0.474886693,31
mp-1212937,Cu2SiHgSe4,3,0,0.0161,-0.512690313,31
mp-1210929,MnAg2SnSe4,3,0,0.0,-0.528284063,31
mp-1189879,CdCu2SiSe4,3,0,0.34,-0.609798416,31
mp-1219355,SiAg6HgSe6,3,0,0.1021,-0.378230672,31
mp-18474,Ag8GeSe6,3,0,0.0,-0.3325019,31
mp-17984,Ag8SnSe6,3,0,0.001,-0.334242656,31
mp-1226222,Cs3Y7Se12,3,0,1.5161,-2.06916248,31
mp-1226868,Cs3Sm7Se12,3,0,1.4741,-2.062308774,31
mp-1227054,Cs3Ho7Se12,3,0,1.5043,-2.061756597,31
mp-557025,K2SeO4,3,0,3.6435,-1.800245661,33
mp-1208048,TlVSeO5,3,0,2.4187,-1.713220367,33
mp-559053,NaY(SeO3)2,3,0,4.1636,-2.185212063,33
mp-704626,FeAg(SeO3)2,3,0,1.6046,-1.24521295,33
mp-1212002,KEr(SeO4)2,3,0,3.4656,-2.006505148,33
mp-11582,LiGaSe2,3,0,2.0656,-1.063571209,33
mp-1196301,La2Mn(SeO)2,3,0,1.7513,-2.734543271,33
mp-7117,LiAlSe2,3,0,3.0233,-1.276307118,33
mp-555816,KDy(SeO4)2,3,0,3.4722,-2.008223912,33
mp-1212816,KGd(SeO4)2,3,0,3.183,-1.990300172,33
mp-1205246,MnSb2H18(Se2N3)2,3,0,1.3103,-0.466344047,33
mp-28131,C(Se2Br)2,3,0,1.4971,-0.306262312,33
mp-17964,Na2Ge2Se5,3,0,1.4023,-0.863211369,33
mp-1211446,Li7PSe6,3,0,0.9336,-1.11847391,33
mp-1204742,Nd2H6Se7O20,3,0,3.5475,-1.647478821,33
mp-1208574,Ta4Se8SI8,3,0,1.0721,-0.931458094,33
mp-569258,Ta4Se9I8,3,0,0.88,-0.901130193,33
mp-1216363,VCu3(SeS)2,3,0,0.891,-0.790621322,35
mp-1220452,NbCu3(SeS)2,3,0,1.4624,-0.80205048,35
mp-1218032,TaCu3(SeS)2,3,0,1.7547,-0.810739506,35
mp-1192701,TaH6C2SeCl5,3,0,2.2733,-0.875674186,36
mp-510293,Pb3SeO5,3,0,2.4633,-1.213125974,36
mp-14588,Na2PtSe2,3,0,0.869,-0.974080662,36
mp-1078751,Na2PdSe2,3,0,0.6253,-0.957524377,36
mp-554548,BaMo2Se2O11,3,0,2.2489,-1.933749329,36
mp-1190450,NaNbSe2O7,3,0,2.9067,-1.976210329,36
mp-7447,Rb2Se3,3,0,0.6812,-1.08018316,36
mp-7670,K2Se3,3,0,0.644,-0.950030975,36
mp-7449,Cs2Se3,3,0,0.7396,-1.102170255,36
mp-1105202,Ba2InBiSe5,3,0,1.061,-1.47563044,36
mp-1189339,Ba2InSbSe5,3,0,0.768,-1.430602192,36
mp-1190093,Ba2NdInSe5,3,0,1.0692,-1.876106499,36
mp-1220674,Nb3(CuSe3)2,3,0,0.0,-0.814191806,36
mp-1196887,Ba4SiSb2Se11,3,0,0.8874,-1.401036405,36
mp-4412,La4Se3O4,3,0,1.3261,-3.254472816,38
mp-30192,Pr4Se3O4,3,0,1.315,-3.103120405,38
mp-550117,Sm4Se3O4,3,0,1.2891,-3.094093817,38
mp-553278,Nd4Se3O4,3,0,1.3233,-3.057284172,38
mp-1224047,K2(NbSe2)3,3,0,0.0,-1.281032356,38
mp-29839,Bi2SeO5,3,0,2.8422,-1.58984674,39
mp-571288,KTa(AgSe2)2,3,0,1.7478,-0.902014785,40
mp-6599,KNb(CuSe2)2,3,0,1.4228,-0.964863646,40
mp-11925,RbTa(CuSe2)2,3,0,1.7333,-0.986762767,40
mp-30293,Sr2GeSe4,3,0,1.7283,-1.570705549,40
mp-12364,BaCu2SnSe4,3,0,0.453,-0.975609921,40
mp-567177,KNb(AgSe2)2,3,0,1.459,-0.894238619,40
mp-17307,K2Hg3(GeSe4)2,3,0,1.0352,-0.752814337,41
mp-570544,Zr(SeCl6)2,3,0,2.5978,-0.912021231,43
mp-571313,Hf(SeCl6)2,3,0,2.7918,-0.922353281,43
mp-1204333,BaMnSnSe4,3,0,0.9142,-1.176872657,43
mp-1221747,MnGa2(CuSe2)3,3,0,0.0,-0.662206383,43
mp-1203641,V2Pb4(Se2O7)3,3,0,2.3938,-1.600614308,43
mp-567491,Rb4Ti2P6Se25,3,0,1.1898,-0.817423888,43
mp-2355707,NbSeI,3,0,0.1059,-1.038657255,44
mp-4728,Cu2GeSe3,3,0,0.0,-0.481090259,44
mp-662547,PSeCl9,3,0,2.244,-0.533182666,46
mp-29249,GeAsSe,3,0,1.4797,-0.328340145,52
mp-555942,Er3SiSe2O10F,3,0,4.0849,-3.057170585,52
mp-28741,CuSe3Br,3,0,1.0299,-0.552620114,53
mp-28954,Tl2PdSe2,3,0,0.0,-0.446582549,55
mp-574529,Al(SeCl2)2,3,0,1.3809,-1.06916552,55
mp-541509,Ta2Ni3Se8,3,0,0.3317,-0.880332752,55
mp-4425,Ta2Pt3Se8,3,0,0.6803,-0.923180313,55
mp-504898,Nb2Pd3Se8,3,0,0.3082,-0.715863974,55
mp-18010,Ta2Pd3Se8,3,0,0.5261,-0.711217659,55
mp-557746,Zn2SeCl2O3,3,0,4.0926,-1.52180892,56
mp-1196063,Ga2Se2O7,3,0,3.4975,-1.398936281,56
mp-1199125,In2Se2O7,3,0,2.8578,-1.317503235,56
mp-17913,Tb2SiSeO4,3,0,2.5839,-3.40698017,57
mp-18610,Sm2SiSeO4,3,0,2.693,-3.391587114,57
mp-18466,Nd2SiSeO4,3,0,2.6009,-3.37848455,57
mp-17834,La2SiSeO4,3,0,2.2089,-3.452398341,57
mp-1200831,AlH6C2SeCl3,3,0,4.6429,-0.756754857,57
mp-557135,VAgSeO5,3,0,0.9513,-1.543515004,57
mp-759925,Zn2Hg2H2Se2O11,3,0,1.4492,-1.221487576,57
mp-1202434,KNb3(SeO6)2,3,0,2.3298,-2.411115559,57
mp-570817,Cu2P8Se3I2,3,0,1.3298,-0.285722006,57
mp-683899,Cu2P8Se3Br2,3,0,1.2899,-0.35172889,57
mp-558550,Ag4Mo2Se3O16,3,0,1.6559,-1.224472908,57
mp-1201920,CsSe4,3,0,0.9736,-0.817273764,57
mp-679999,Re3(SeCl)7,3,0,1.5043,-0.514737687,57
mp-1120728,GaSeCl,3,0,2.51,-0.972340868,58
mp-620032,Ti2Se,3,0,0.0,-0.98612386,58
mp-22642,Zr2Se,3,0,0.0,-1.062496987,58
mp-1207433,Zr6FeSe2,3,0,0.0,-0.784252765,58
mp-2000,CuSe2,3,0,0.0,-0.133860659,58
mp-760,FeSe2,3,0,0.3741,-0.66971696,58
mp-562762,Ba2CoSe2(ClO3)2,3,0,1.448,-2.0908207,58
mp-1211581,La2Ta3(SeO4)2,3,0,0.8938,-3.199233373,58
mp-20862,CoSe2,3,0,0.0,-0.345678589,58
mp-6105,Pr2Ta3(SeO4)2,3,0,0.9477,-3.151924805,58
mp-1199971,Rb2PH4Se3O2,3,0,1.3946,-1.137549157,58
mp-21575,Pr3InSe6,3,0,0.6879,-1.836635497,58
mp-645695,La3LuSe6,3,0,0.4845,-2.317303534,58
mp-21562,Sm3InSe6,3,0,0.7093,-1.823064898,58
mp-645694,Ce3LuSe6,3,0,0.0,-2.115395,58
mp-22744,Ta11(NiSe4)2,3,0,0.0,-0.746391374,58
mp-21656,Ta11(FeSe4)2,3,0,0.0,-0.726053366,58
mp-1208587,Ta11(SiSe4)2,3,0,0.0,-0.766046802,58
mp-28238,Ba4Sb4Se11,3,0,1.1384,-1.306427226,58
mp-28458,ErSeI,3,0,2.309,-1.986048547,59
mp-628637,Cu3BiSe2BrO8,3,0,0.0,-1.199308477,59
mp-669425,Cu3BiSe2IO8,3,0,0.0,-1.156574313,59
mp-505104,Cu3BiSe2ClO8,3,0,0.0,-1.213212205,59
mp-572807,NdCu3Se2ClO8,3,0,0.134,-1.59505842,59
mp-1202782,Hg3Pd8Se9,3,0,0.0,-0.527009199,59
mp-3123,PPdSe,3,0,0.9677,-0.445084968,60
mp-18973,CoSe2O5,3,0,2.3763,-1.270081397,60
mp-17901,MnSe2O5,3,0,2.4338,-1.493966741,60
mp-16771,MgSe2O5,3,0,3.0277,-1.754712265,60
mp-18373,ZnSe2O5,3,0,3.0515,-1.370188999,60
mp-1105666,Rh2Se3,3,0,0.0,-0.512150367,60
mp-769232,Dy2(SeO4)3,3,0,3.7761,-1.744309734,60
mp-769147,Y2(SeO4)3,3,0,3.8169,-1.737723386,60
mp-1212008,K2Hg3Se4,3,0,1.1091,-0.695246188,60
mp-650674,TeAs(Se2F3)2,3,0,1.376,-1.667749025,60
mp-570241,K6PdSe20,3,0,0.9558,-0.838329458,60
mp-5338,ZnSeO3,3,0,3.9227,-1.499848063,61
mp-1195199,VPbSeO5F,3,0,2.8394,-1.958801833,61
mp-707536,KHSeO4,3,0,3.5239,-1.501268321,61
mp-720376,H4SeO5,3,0,3.5177,-0.86355144,61
mp-1198762,InSeClO3,3,0,3.3798,-1.544070108,61
mp-505511,CoAsSe,3,0,0.3947,-0.38076552,61
mp-10368,CoPSe,3,0,0.6371,-0.6121159,61
mp-27845,CaSe2O5,3,0,3.4779,-1.588793647,61
mp-1203437,GdH(SeO4)2,3,0,2.8802,-1.448971708,61
mp-1199825,Eu(SeO4)2,3,0,0.0,-1.490792403,61
mp-558763,Ag2Hg(SeO3)2,3,0,1.8132,-0.911725413,61
mp-559568,K2Se2O5,3,0,3.4243,-1.66613677,61
mp-2418,PdSe2,3,0,0.4001,-0.32612803,61
mp-21838,Ce(SeO4)2,3,0,1.2847,-1.839155192,61
mp-765350,LaHSe3O10,3,0,1.5061,-1.640745348,61
mp-1204033,LaTlGeSe4,3,0,1.3104,-1.243340758,61
mp-29377,K5GaSe4,3,0,2.4449,-1.270132141,61
mp-654129,GaAg(PSe3)2,3,0,1.5033,-0.503841385,61
mp-567437,Pd(Se4Cl)2,3,0,1.3385,-0.20242244,61
mp-667286,Re6Te7Se8,3,0,0.741,-0.643734733,61
mp-560666,K4Nb2Se11O,3,0,1.165,-1.257634095,61
mp-12010,BaSeO4,3,0,3.7215,-2.153315008,62
mp-1095656,LuAsSe,3,0,0.0,-1.513333644,62
mp-1194398,GaHSeO4,3,0,4.1423,-1.337732695,62
mp-1207618,YSeClO3,3,0,4.3562,-2.464918389,62
mp-23587,HoSeClO3,3,0,4.3572,-2.487719827,62
mp-558257,DySeClO3,3,0,4.3669,-2.485879851,62
mp-12271,MgSeO3,3,0,4.0013,-2.022154306,62
mp-1213048,ErAsSe,3,0,0.4869,-1.624067245,62
mp-556551,GdSeClO3,3,0,2.993,-2.456530905,62
mp-555650,NdSeClO3,3,0,4.1926,-2.431677543,62
mp-1102476,TbAsSe,3,0,0.0751,-1.597437551,62
mp-22996,SbSeI,3,0,1.3811,-0.618762824,62
mp-610491,BiSeCl,3,0,1.8404,-1.023609684,62
mp-17921,NbSeOF7,3,0,4.5147,-2.738813172,62
mp-774848,H10SeO8,3,0,3.9706,-0.960636051,62
mp-28603,NaLiSe,3,0,2.4375,-1.371980806,62
mp-1212091,HoAsSe,3,0,0.2103,-1.641820131,62
mp-9228,HgSeO3,3,0,2.5571,-0.693308039,62
mp-558516,TmSeClO3,3,0,4.3368,-2.497914767,62
mp-554040,CuSeO4,3,0,0.0,-1.006986717,62
mp-1208883,SmAsSe,3,0,0.5545,-1.690274806,62
mp-1209547,PrAsSe,3,0,0.1006,-1.687035708,62
mp-1095263,HoSeF,3,0,2.8304,-3.214377988,62
mp-556349,Rb2MoSeO6,3,0,3.1275,-1.915540393,62
mp-1102952,DyAsSe,3,0,0.0782,-1.660466565,62
mp-29238,TlAgSe,3,0,0.6001,-0.395075532,62
mp-639138,EuSeClO3,3,0,0.0,-2.131599988,62
mp-623590,RbV2SeO7,3,0,1.7403,-2.125500955,62
mp-778924,ZnSeO4,3,0,2.0896,-1.353584673,62
mp-1102246,LaSeCl,3,0,1.336,-2.517520758,62
mp-691,SnSe,3,0,0.5159,-0.453546308,62
mp-554063,SmSeClO3,3,0,4.4293,-2.46079142,62
mp-1201675,Sr2Mn2SeO4,3,0,1.8317,-2.401541966,62
mp-607004,CeAsSe,3,0,0.0,-1.603896787,62
mp-1203567,KV2SeO7,3,0,2.1253,-2.12179378,62
mp-700,GeSe,3,0,0.8988,-0.451703091,62
mp-9186,CdSeO3,3,0,3.0904,-1.411899601,62
mp-1103153,CeSbSe,3,0,0.0,-1.581840587,62
mp-554903,TbSeClO3,3,0,4.3868,-2.484231868,62
mp-1103398,TmAsSe,3,0,0.0,-1.549127017,62
mp-4618,Rb2SeO4,3,0,3.6558,-1.800103376,62
mp-1095603,YAsSe,3,0,0.0623,-1.660663581,62
mp-1209072,SbSeBr,3,0,1.4378,-0.804300927,62
mp-20460,NiSeO3,3,0,0.0,-1.25252271,62
mp-28595,KNaSe,3,0,2.0175,-1.313273758,62
mp-1103651,NdSbSe,3,0,0.0,-1.614989898,62
mp-1102382,CuAsSe,3,0,0.0,-0.173306945,62
mp-23086,ErSeClO3,3,0,4.3487,-2.493069155,62
mp-562442,Cs2SeO4,3,0,3.8216,-1.804325295,62
mp-27199,AuSeBr,3,0,0.6303,-0.518834375,62
mp-23096,LuSeClO3,3,0,4.3364,-2.497649715,62
mp-622009,TaNi2TeSe,3,0,0.0,-0.642832238,62
mp-569427,K4Sn(TeSe)2,3,0,1.5606,-1.136844989,62
mp-1194561,NaSc(SeO3)2,3,0,3.8413,-2.140923622,62
mp-1202879,NaGa(SeO3)2,3,0,3.2216,-1.661487327,62
mp-697551,NaCo2HSe2O7,3,0,2.7575,-1.434474185,62
mp-1192175,RhSe2,3,0,0.0,-0.516259633,62
mp-654225,KFe(SeO3)2,3,0,2.1843,-1.571826047,62
mp-1361,IrSe2,3,0,0.0517,-0.423941924,62
mp-1195419,NaMg2HSe2O7,3,0,4.567,-2.017157578,62
mp-1194629,CsSc(SeO3)2,3,0,4.1332,-2.16602743,62
mp-1194726,Li2Se2O7,3,0,2.9445,-1.52849289,62
mp-1195500,RbY(SeO3)2,3,0,4.2881,-2.208774087,62
mp-1228544,Ba2MnTeSe2,3,0,0.0,-1.674919764,62
mp-1194569,KY(SeO3)2,3,0,4.2541,-2.213435585,62
mp-880385,NaFe(SeO3)2,3,0,2.2783,-1.547695346,62
mp-20331,CuSbSe2,3,0,0.4986,-0.248575811,62
mp-1195788,K2Mo2Se2O11,3,0,2.787,-1.821387208,62
mp-554901,Ga2Mo(SeO5)2,3,0,3.6065,-1.752421634,62
mp-558478,La3NbSe2(O2F)2,3,0,1.433,-3.438319511,62
mp-558490,Tb3Se2ClO8,3,0,4.0674,-2.812783029,62
mp-1203541,KGa(SeO3)2,3,0,3.2192,-1.704455529,62
mp-1204472,Y3Se2ClO8,3,0,4.2071,-2.791377684,62
mp-662599,Ag3AsSe3,3,0,0.8906,-0.302367482,62
mp-554805,Sr3Se3(ClO4)2,3,0,3.4263,-2.240286095,62
mp-567983,ErCuPbSe3,3,0,1.1331,-1.235050552,62
mp-15081,Sm2Se3,3,0,0.3737,-2.198047837,62
mp-4350,La2(SeO3)3,3,0,3.512,-2.338560756,62
mp-1105933,LaCrSe3,3,0,0.0,-1.573557187,62
mp-17660,SrPrCuSe3,3,0,1.0231,-1.766424609,62
mp-1190889,SrGdCuSe3,3,0,1.0135,-1.793536467,62
mp-15236,CrSbSe3,3,0,0.0,-0.68635182,62
mp-541430,BaLaCuSe3,3,0,1.2053,-1.85693812,62
mp-17805,Ba2SnSe3F2,3,0,1.7222,-2.426814335,62
mp-645172,CsAs2Se3,3,0,1.3891,-0.704343556,62
mp-15257,Tb2Se3,3,0,0.3411,-2.153581607,62
mp-571470,Na2SnSe3,3,0,0.9477,-1.014586782,62
mp-864797,NdCrSe3,3,0,0.0,-1.48949707,62
mp-1210071,Nd2(SeO3)3,3,0,3.4891,-2.031295035,62
mp-1188175,Gd2Se3,3,0,0.449,-2.143875061,62
mp-18513,Ba2MnSe3,3,0,1.0675,-1.772629814,62
mp-1195181,Co4Se3Cl2O9,3,0,2.4618,-1.294231586,62
mp-1202890,K2B2Se3O10,3,0,4.1143,-1.948063237,62
mp-29237,Tl2SnSe3,3,0,0.9887,-0.633619698,62
mp-20170,CeCrSe3,3,0,0.0,-1.471222202,62
mp-1209975,Nd3Se3N,3,0,0.9413,-2.104354389,62
mp-2160,Sb2Se3,3,0,0.7564,-0.284494588,62
mp-601286,TbCuPbSe3,3,0,1.2303,-1.241465799,62
mp-685607,CsTaSe3,3,0,0.0868,-1.268325643,62
mp-567391,Dy3Se3N,3,0,1.171,-2.152805242,62
mp-1193201,Gd3Se3N,3,0,1.1217,-2.096541347,62
mp-861512,PrCrSe3,3,0,0.0,-1.4921576,62
mp-7368,Dy2Se3,3,0,0.3663,-2.162599037,62
mp-8829,CrGaSe3,3,0,0.0,-0.861763318,62
mp-505448,NaHfCuSe3,3,0,0.3845,-1.285682784,62
mp-1232181,Pm2Se3,3,0,0.4855,-2.213014863,62
mp-6244,HoCuPbSe3,3,0,1.1844,-1.236458507,62
mp-505172,NaZrCuSe3,3,0,0.2968,-1.287678904,62
mp-998427,BaZrSe3,3,0,0.3726,-1.920462956,62
mp-1209746,Pr3Se3N,3,0,0.976,-2.083580023,62
mp-601257,DyCuPbSe3,3,0,1.2087,-1.238325186,62
mp-640324,TmCuPbSe3,3,0,1.1223,-1.228736204,62
mp-645692,Eu(LuSe2)2,3,0,0.1428,-2.22543679,62
mp-17283,K3NbSe4,3,0,1.8249,-1.347845455,62
mp-28292,Na4GeSe4,3,0,1.7906,-1.087092957,62
mp-17811,Cs3SbSe4,3,0,1.4333,-1.124799868,62
mp-4160,Tl3PSe4,3,0,1.5581,-0.42051894,62
mp-1193169,Ba(TmSe2)2,3,0,1.3804,-2.229560272,62
mp-16818,Rb2Cd3Se4,3,0,1.4123,-1.04234897,62
mp-1194183,Ca2SiSe4,3,0,2.4024,-1.547400127,62
mp-1193787,Eu(YSe2)2,3,0,0.1244,-2.255406476,62
mp-1193100,Sr(YSe2)2,3,0,1.4587,-2.267338949,62
mp-18305,Rb3AsSe4,3,0,1.3144,-1.055199601,62
mp-1193232,Rb2MoSe4,3,0,1.0392,-1.099977281,62
mp-862729,Sr(DySe2)2,3,0,1.3579,-2.262229979,62
mp-31313,K3PSe4,3,0,1.6858,-1.098334638,62
mp-541963,Rb3(FeSe2)2,3,0,0.0,-0.952661351,62
mp-18156,KBaPSe4,3,0,1.2588,-1.289564559,62
mp-645690,Eu(DySe2)2,3,0,0.1657,-2.250812705,62
mp-1201566,Tl3AsSe4,3,0,0.845,-0.513113273,62
mp-640047,Mn2GeSe4,3,0,0.0,-0.600204366,62
mp-866654,Cs2MoSe4,3,0,1.3568,-1.137980644,62
mp-1193520,Sr(ErSe2)2,3,0,1.4083,-2.250829536,62
mp-1193797,Ba(DySe2)2,3,0,1.3765,-2.239951935,62
mp-1193917,Sr(TbSe2)2,3,0,1.4432,-2.215435641,62
mp-1192582,Mg2SiSe4,3,0,2.131,-1.174351987,62
mp-1192805,Ba(ErSe2)2,3,0,1.3665,-2.236903162,62
mp-17367,Mn2SiSe4,3,0,0.0,-0.695007659,62
mp-1194410,Ba(GdSe2)2,3,0,1.2255,-2.254198866,62
mp-1193757,Ba(SmSe2)2,3,0,1.4344,-2.236313439,62
mp-583193,Cs3PSe4,3,0,1.8309,-1.129752157,62
mp-1192856,Rb2WSe4,3,0,1.3613,-1.108412197,62
mp-1197539,K3AsSe4,3,0,1.1131,-1.041859041,62
mp-1198419,K2Cd3Se4,3,0,1.4028,-1.031509651,62
mp-17638,Rb3SbSe4,3,0,1.3317,-1.098475426,62
mp-646337,Tb2EuSe4,3,0,0.1933,-2.196415629,62
mp-1193885,Eu(HoSe2)2,3,0,0.1142,-2.191607406,62
mp-1192674,Ba(LuSe2)2,3,0,1.3977,-2.217454518,62
mp-1194337,Sr(LuSe2)2,3,0,1.431,-2.235004941,62
mp-541998,K3(FeSe2)2,3,0,0.0,-0.957346822,62
mp-30931,Na4SiSe4,3,0,2.1322,-1.137227839,62
mp-1192564,Mg2GeSe4,3,0,1.4938,-1.09558761,62
mp-18138,K2WSe4,3,0,1.2241,-0.975480802,62
mp-1193277,CsPPbSe4,3,0,1.5613,-0.832650727,62
mp-1201774,Cs3AsSe4,3,0,1.2725,-1.074429731,62
mp-1193099,Ba(YSe2)2,3,0,1.4872,-2.240760022,62
mp-1193984,Eu(ErSe2)2,3,0,0.1958,-2.240364022,62
mp-18132,K4SnSe4,3,0,1.7396,-1.229172124,62
mp-1195333,Nd2ZrSe5,3,0,0.7389,-1.984020234,62
mp-1195309,Ba2GaAsSe5,3,0,1.8703,-1.438995982,62
mp-1194651,Ce2ZrSe5,3,0,0.0,-2.004439598,62
mp-1195609,Pr2ZrSe5,3,0,0.7201,-1.986282793,62
mp-1006367,Ce2HfSe5,3,0,0.0,-1.940497612,62
mp-1209327,RbBi3Se5,3,0,0.984,-0.850307757,62
mp-567928,CsBi3Se5,3,0,0.9988,-0.86207068,62
mp-1198114,RbSb3Se5,3,0,0.6849,-0.715230637,62
mp-1203387,Ba2GaSbSe5,3,0,1.8067,-1.477086529,62
mp-18335,Ba2Ge2Se5,3,0,1.2918,-1.386570678,62
mp-28851,Na4Cd3Se5,3,0,1.0243,-1.040989785,62
mp-1197516,La2HfSe5,3,0,0.803,-2.061186777,62
mp-1198078,Sm2ZrSe5,3,0,0.8425,-1.966999839,62
mp-1203584,Ba2GaBiSe5,3,0,1.7506,-1.498955658,62
mp-17410,CsEr3Se5,3,0,1.5438,-2.094139397,62
mp-1200409,La2ZrSe5,3,0,0.8312,-2.086609165,62
mp-1229290,CsSc3H6(Se3O10)2,3,0,4.2325,-1.898042747,62
mp-1229308,CsIn3H6(Se3O10)2,3,0,3.563,-1.472974675,62
mp-1200788,Cu3P8(Se2Br)3,3,0,1.3646,-0.415590892,62
mp-1204251,Ta8CoSe8,3,0,0.0,-0.869469727,62
mp-567322,KSm2Sb3Se8,3,0,0.5094,-1.247280547,62
mp-570836,K5Ag2(AsSe3)3,3,0,0.9497,-0.846303704,62
mp-571473,K2Sm2As2Se9,3,0,1.0577,-1.272169414,62
mp-1197848,Cs5As5Se9,3,0,1.2854,-0.869428427,62
mp-551407,CoSeO4,3,0,1.3657,-1.330900798,63
mp-571486,CuSe,3,0,0.0,-0.185226067,63
mp-18817,NiSeO4,3,0,2.1705,-1.186202202,63
mp-9731,RbAuSe,3,0,1.7116,-0.906882402,63
mp-4034,LaTe2Se,3,0,0.0,-1.581523716,63
mp-574599,CsAuSe,3,0,1.7093,-0.926488394,63
mp-30125,PrTe2Se,3,0,0.0,-1.321984878,63
mp-12630,MgSeO4,3,0,2.869,-1.867882592,63
mp-9881,KAuSe,3,0,1.816,-0.854975934,63
mp-761036,CdSeO4,3,0,1.6838,-1.307227757,63
mp-4437,NdTe2Se,3,0,0.0,-1.312472164,63
mp-11118,CsPrCdSe3,3,0,1.9664,-1.583571029,63
mp-1101781,BaErCuSe3,3,0,0.9489,-1.807193111,63
mp-662563,CsFe2Se3,3,0,0.0,-0.759087651,63
mp-6647,BaYAgSe3,3,0,1.3282,-1.773074978,63
mp-7050,ZrTlCuSe3,3,0,0.2271,-1.092194374,63
mp-1102849,BaErAgSe3,3,0,1.3771,-1.763950363,63
mp-7152,CsZrCuSe3,3,0,0.2984,-1.356827368,63
mp-574620,CsYZnSe3,3,0,2.1117,-1.64645273,63
mp-11116,CsYCdSe3,3,0,2.0855,-1.58216651,63
mp-1213646,CsYMnSe3,3,0,0.5245,-1.566547631,63
mp-22291,CsGdHgSe3,3,0,0.0,-1.473733062,63
mp-1213063,CsTbMnSe3,3,0,0.5118,-1.56897399,63
mp-7155,CsErZnSe3,3,0,2.1566,-1.647716224,63
mp-574426,CsCeCdSe3,3,0,0.0184,-1.568967953,63
mp-1213648,CsTmMnSe3,3,0,0.5038,-1.558047514,63
mp-20157,BaGdCuSe3,3,0,0.8826,-1.823016103,63
mp-510062,CsSmCdSe3,3,0,2.0217,-1.589901298,63
mp-505712,CsHoZnSe3,3,0,2.1295,-1.646868639,63
mp-505709,CsSmZnSe3,3,0,2.0424,-1.644281941,63
mp-11123,CsYHgSe3,3,0,1.3946,-1.457450387,63
mp-13326,PrLuSe3,3,0,0.4935,-2.189735595,63
mp-505713,CsTmZnSe3,3,0,2.1716,-1.640338292,63
mp-1101801,BaYCuSe3,3,0,0.9653,-1.80976756,63
mp-574472,CsCeHgSe3,3,0,0.0,-1.450733568,63
mp-510065,CsNdHgSe3,3,0,1.3539,-1.467242669,63
mp-574651,CsSmMnSe3,3,0,0.5312,-1.565783603,63
mp-9397,HfTlCuSe3,3,0,0.42,-1.086914762,63
mp-11121,CsTbCdSe3,3,0,2.0647,-1.586282865,63
mp-11122,CsDyCdSe3,3,0,2.0718,-1.581612863,63
mp-9856,Cs2ZrSe3,3,0,1.3691,-1.614646366,63
mp-1102146,CsDyZnSe3,3,0,2.1541,-1.646450719,63
mp-1213650,CsErMnSe3,3,0,0.514,-1.563260247,63
mp-573710,CsTbZnSe3,3,0,2.1028,-1.648972126,63
mp-7212,CsSmHgSe3,3,0,1.3625,-1.465415702,63
mp-9318,KZrCuSe3,3,0,0.2144,-1.343207952,63
mp-1101818,BaLaAgSe3,3,0,1.6435,-1.842749244,63
mp-1213649,CsHoMnSe3,3,0,0.5124,-1.563394584,63
mp-568191,SrLuCuSe3,3,0,1.1227,-1.764532271,63
mp-11124,CsLaHgSe3,3,0,1.4545,-1.531723225,63
mp-7211,CsPrHgSe3,3,0,1.3367,-1.462918913,63
mp-13327,NdLuSe3,3,0,0.4956,-2.187056561,63
mp-861926,KGd2CuSe4,3,0,0.7999,-1.756837861,63
mp-574448,RbGd2CuSe4,3,0,0.7781,-1.752188157,63
mp-16559,KHo2CuSe4,3,0,0.5636,-1.728018775,63
mp-16445,CsSm2CuSe4,3,0,0.9508,-1.727677476,63
mp-862772,CsNd2CuSe4,3,0,0.8344,-1.728159812,63
mp-16116,RbSm2CuSe4,3,0,0.5643,-1.737498057,63
mp-505815,CsLa2CuSe4,3,0,1.0754,-1.820270021,63
mp-16118,RbDy2CuSe4,3,0,0.9249,-1.726470331,63
mp-28467,Cs2Cu5Se4,3,0,0.0,-0.636795098,63
mp-16560,KEr2CuSe4,3,0,0.5639,-1.725518047,63
mp-18562,Na2Si2Se5,3,0,2.4355,-0.862556904,63
mp-6182,CsTb2Cu3Se5,3,0,1.1974,-1.326472097,63
mp-865972,KTm2Cu3Se5,3,0,1.049,-1.299496104,63
mp-1190996,CsGd2Cu3Se5,3,0,0.8937,-1.337120744,63
mp-541070,Ta2NiSe5,3,0,0.0,-1.024910419,63
mp-571189,NaHf2CuSe5,3,0,0.4817,-1.412716987,63
mp-1191228,CsGd2Ag3Se5,3,0,0.0,-1.350591708,63
mp-581749,CsTm2Cu3Se5,3,0,1.2473,-1.311321577,63
mp-18710,RbSm2Ag3Se5,3,0,1.0496,-1.335763719,63
mp-16884,RbEr2Cu3Se5,3,0,0.8666,-1.323529166,63
mp-542164,CsTb2Ag3Se5,3,0,1.0944,-1.335390506,63
mp-581696,CsLu2Cu3Se5,3,0,1.2562,-1.300023239,63
mp-18672,CsDy2Cu3Se5,3,0,1.1878,-1.322644669,63
mp-690674,NdAsSe,3,0,0.0309,-1.606506607,64
mp-708961,BeH8SeO8,3,0,4.1041,-1.463884854,64
mp-1196943,La2Zn(SeO)2,3,0,2.4958,-2.772717762,64
mp-567228,Na2PSe3,3,0,1.7908,-0.850967543,64
mp-1194302,Cs3FeSe3,3,0,0.045,-1.070712349,64
mp-571015,CuP4Se4I,3,0,1.6632,-0.375865861,64
mp-570823,Ba(BSe3)2,3,0,1.7096,-0.890381299,64
mp-1203743,CsLu7Se11,3,0,1.5105,-2.105457756,64
mp-1103552,Eu(AlSe2)2,3,0,1.0022,-1.449795412,66
mp-36988,Ca(AlSe2)2,3,0,2.8458,-1.403225102,66
mp-675374,Al2PbSe4,3,0,1.9961,-0.943539114,66
mp-1104062,Sr(GaSe2)2,3,0,1.8012,-1.227702357,66
mp-7841,Ba(GaSe2)2,3,0,1.8578,-1.363063749,66
mp-8422,Sr(AlSe2)2,3,0,2.766,-1.47383857,66
mp-1228740,Ba(AlSe2)2,3,0,3.0544,-1.579087044,66
mp-4971,K4Sn3Se8,3,0,1.4545,-1.037990107,68
mp-14338,Cs2Pt3Se4,3,0,1.3326,-0.915644714,69
mp-11694,Cs2Pd3Se4,3,0,0.9867,-0.953069664,69
mp-14336,Cs2Ni3Se4,3,0,0.616,-0.859635624,69
mp-5141,Na2SeO4,3,0,3.3557,-1.506901656,70
mp-11641,Ag2SeO4,3,0,0.4264,-0.837648694,70
mp-12024,RbVSe2,3,0,0.0483,-1.162994152,70
mp-1189318,Tm2Se3,3,0,1.3417,-2.173004568,70
mp-209,Er2Se3,3,0,0.7923,-2.173853193,70
mp-1205354,Sc2Se3,3,0,0.6258,-1.963220284,70
mp-9824,Ho2Se3,3,0,1.315,-2.184930187,70
mp-1105821,Y2Se3,3,0,1.3158,-2.199145721,70
mp-1189125,Lu2Se3,3,0,1.3355,-2.148499362,70
mp-15222,Rb2NbCuSe4,3,0,1.6394,-1.192566984,70
mp-14637,Cs2NbAgSe4,3,0,1.8213,-1.19628495,70
mp-15220,K2VCuSe4,3,0,1.1253,-1.13652866,70
mp-9764,Rb2NbAgSe4,3,0,1.7584,-1.166107205,70
mp-21766,Ba(InSe2)2,3,0,1.687,-1.302145789,70
mp-14635,Rb2VAgSe4,3,0,1.0307,-1.103068674,70
mp-14340,Rb2Pd3Se4,3,0,0.8826,-0.930349548,70
mp-8972,K2TaCuSe4,3,0,2.0288,-1.182607521,70
mp-14339,K2Pd3Se4,3,0,0.764,-0.912213266,70
mp-11924,Rb2TaCuSe4,3,0,1.9549,-1.203747837,70
mp-13873,Ca(GaSe2)2,3,0,1.9773,-1.17293659,70
mp-1201775,Eu(GaSe2)2,3,0,0.0836,-1.298981823,70
mp-1188089,K2Ni3Se4,3,0,0.4373,-0.835353423,70
mp-21733,Sr(InSe2)2,3,0,1.5637,-1.260986248,70
mp-14634,K2VAgSe4,3,0,0.9843,-1.084775348,70
mp-571171,Ga2PbSe4,3,0,2.0313,-0.712719433,70
mp-15223,Cs2NbCuSe4,3,0,1.6351,-1.220952839,70
mp-9003,K2NbCuSe4,3,0,1.6164,-1.169372047,70
mp-1188845,K2Ag2GeSe4,3,0,1.0778,-0.83827352,70
mp-18691,Rb2Ni3Se4,3,0,0.0,-0.845413846,70
mp-669330,KCe2CuSe6,3,0,0.084,-1.502879524,70
mp-569491,NaLa(GaSe2)4,3,0,1.6428,-1.211583214,70
mp-570876,NaNd(GaSe2)4,3,0,1.5138,-1.180616801,70
mp-8621,K2PtSe2,3,0,0.9345,-1.077369765,71
mp-1069706,K2PdSe2,3,0,0.8458,-1.079466822,71
mp-1069771,Rb2PdSe2,3,0,0.889,-1.066292506,71
mp-8622,Rb2PtSe2,3,0,1.0034,-1.074541658,71
mp-1220865,NaSm2Se3,3,0,0.0,-2.012342916,71
mp-1220968,NaNd2Se3,3,0,0.0,-2.015152095,71
mp-1220945,NaPr2Se3,3,0,0.0,-2.007406087,71
mp-557637,Hg2SeO3,3,0,2.329,-0.628865649,72
mp-1232317,K2ZnSe2,3,0,2.3191,-1.223284724,72
mp-573947,Cs2MnSe2,3,0,0.0,-1.121269443,72
mp-8716,K2MnSe2,3,0,0.9895,-1.293714686,72
mp-8717,Rb2MnSe2,3,0,0.0,-1.114751238,72
mp-1021465,Na2ZnSe2,3,0,2.159,-1.117794387,72
mp-1106156,Cs2Hg3Se4,3,0,1.1954,-0.807504305,72
mp-4052,Rb2Mn3Se4,3,0,0.0,-0.921309326,72
mp-3704,Cs2Mn3Se4,3,0,0.0,-0.939064642,72
mp-1232308,K2Zn3Se4,3,0,1.985,-1.103792332,72
mp-1105496,Rb2Hg3Se4,3,0,1.0869,-0.787987856,72
mp-863033,Rb4P2PbSe8,3,0,1.67,-0.97918237,72
mp-1201509,Rb3B(SeO4)3,3,0,3.0595,-1.721882506,73
mp-29955,Hg3(SeI)2,3,0,1.1701,-0.519706646,74
mp-1226303,CrAgSnSe4,3,0,0.0041,-0.660701051,74
mp-637206,AlBiSeCl4,4,0,2.5424,-1.589050787,82
mp-866695,ReTeSeCl4,4,0,2.3069,-1.016345361,82
mp-20731,In2HgSe4,4,0,0.6337,-0.587147222,82
mp-4730,Ga2HgSe4,4,0,0.9168,-0.600496146,82
mp-1223893,InAgGeSe4,4,0,0.857,-0.623049189,82
mp-1232332,ZnCu2SiSe4,4,0,0.5549,-0.637532579,82
mp-7907,Al2ZnSe4,4,0,2.1529,-1.10077395,82
mp-3038,Al2HgSe4,4,0,1.4254,-0.825231305,82
mp-1221609,MnGa(CuSe2)2,4,0,0.0344,-0.635049937,82
mp-15776,Zn(GaSe2)2,4,0,1.4001,-0.915275578,82
mp-10955,Sn(HgSe2)2,4,0,0.2753,-0.319070227,82
mp-1228963,AlAgSnSe4,4,0,1.1072,-0.769702025,82
mp-1228980,AlCuGeSe4,4,0,0.8905,-0.743088371,82
mp-1229027,AlCuSnSe4,4,0,0.5513,-0.772785169,82
mp-3772,Cd(GaSe2)2,4,0,1.3487,-0.885353439,82
mp-22607,Zn(InSe2)2,4,0,0.9929,-0.861168598,82
mp-20261,Mn(GaSe2)2,4,0,0.8566,-0.806760576,82
mp-22304,Cd(InSe2)2,4,0,0.9564,-0.834326585,82
mp-1224210,InCuGeSe4,4,0,0.6493,-0.629379917,82
mp-1224851,GaCuGeSe4,4,0,0.7335,-0.658216346,82
mp-3159,Al2CdSe4,4,0,2.0047,-1.075488398,82
mp-3167,Hg2GeSe4,4,0,0.4336,-0.502389456,82
mp-1224848,GaAgSnSe4,4,0,0.8903,-0.675288989,82
mp-37829,La5TlSe8,4,0,1.3004,-2.131377053,82
mp-21165,PdSe,4,0,0.0,-0.391958783,84
mp-1199840,Cs5As(PSe3)4,4,0,1.4867,-0.884979815,84
mp-568380,Tl5Se3,4,0,0.0,-0.415048587,85
mp-569349,Rb2HgPSe5,4,0,1.3781,-0.856853477,86
mp-8866,La10Se19,4,0,0.575,-2.088301256,86
mp-14613,Pr10Se19,4,0,0.3177,-1.954018045,86
mp-14650,Nd10Se19,4,0,0.2941,-1.953054456,86
mp-29832,Sm10Se19,4,0,0.2701,-1.934532605,86
mp-1087497,V5Se4,4,0,0.0,-0.722309207,87
mp-11765,Ti5Se4,4,0,0.0,-1.26958342,87
mp-675989,Tl9BiSe6,4,0,0.7463,-0.551899418,87
mp-676274,Tl9SbSe6,4,0,0.741,-0.427286423,87
mp-505357,InSeI,4,0,1.5132,-0.836150989,88
mp-1095230,CaSeO4,4,0,3.2683,-1.82580116,88
mp-561911,Ca3Co(SeO3)4,4,0,2.7444,-2.077041974,88
mp-1194813,Rh2(Se3Br2)3,4,0,1.3799,-0.733257515,88
mp-1196619,Ir2(Se3Cl2)3,4,0,1.5989,-0.386400144,88
mp-1195597,Ir2(Se3Br2)3,4,0,1.5193,-0.709220229,88
mp-559613,K6Se2O9,4,0,1.6318,-1.720683794,92
mp-29310,Si2H6Se,4,0,3.7464,-0.101391558,96
mp-30531,Ta2Se8I,4,0,0.0,-0.907677567,97
mp-1220298,Ni17(GeSe)4,4,0,0.0,-0.363539274,99
mp-557295,V(SeO3)2,4,0,1.9721,-1.614258437,103
mp-1223442,KSnAuSe3,4,0,1.4173,-0.821640634,103
mp-1223690,KAgSnSe3,4,0,1.2891,-0.817842756,103
mp-1225836,Cu4Bi3Pb(SeO)4,4,0,0.0,-0.9764427,107
mp-973793,Li8SeN2,4,0,1.7523,-0.750440787,109
mp-28423,Ga2TeSe2,4,0,1.6141,-0.620183087,109
mp-1212167,In5CuSe8,4,0,0.4548,-0.650566009,111
mp-20683,Cu3Se2,4,0,0.0,-0.189889616,113
mp-7548,BaSe3,4,0,0.926,-1.391277738,113
mp-7818,Pd4Se,4,0,0.0,-0.167827365,114
mp-28768,Na4SnSe4,4,0,1.4647,-1.120886811,114
mp-1226784,Ce2Mn(SeO)2,4,0,0.0,-2.61600102,115
mp-31292,Rb2PdSe16,4,0,0.851,-0.673330731,117
mp-628305,K2MnSnSe4,4,0,0.2896,-1.018125357,118
mp-1221565,MnTlCuSe2,4,0,0.0054,-0.537863501,119
mp-12855,Cu2HgGeSe4,4,0,0.0,-0.4781898,121
mp-10967,CdCu2GeSe4,4,0,0.0,-0.570855356,121
mp-1079645,K2CdSnSe4,4,0,1.6721,-1.052944497,121
mp-568968,K2SnHgSe4,4,0,1.4785,-0.949722536,121
mp-1147776,K3VSe4,4,0,1.0358,-1.122689515,121
mp-9814,Cu3SbSe4,4,0,0.0,-0.232113537,121
mp-16566,Cu2SnHgSe4,4,0,0.0,-0.507165616,121
mp-1025340,Cu2WSe4,4,0,1.2757,-0.400722725,121
mp-22400,MnCu2SnSe4,4,0,0.0,-0.559845412,121
mp-675626,Cu3AsSe4,4,0,0.0,-0.193227767,121
mp-22811,InCuSe2,4,0,0.0,-0.555774406,122
mp-4840,GaCuSe2,4,0,0.0398,-0.573650895,122
mp-15514,NaSe2,4,0,1.1815,-0.685783831,122
mp-558555,LiFe(SeO3)2,4,0,2.6596,-1.592147142,122
mp-14090,TlCuSe2,4,0,0.0,-0.30041236,122
mp-5518,GaAgSe2,4,0,0.2492,-0.688034592,122
mp-1198930,LiGa(SeO3)2,4,0,4.2558,-1.717476522,122
mp-983565,CuBSe2,4,0,1.487,-0.186407558,122
mp-8016,AlCuSe2,4,0,0.8922,-0.756334193,122
mp-14091,AlAgSe2,4,0,1.1352,-0.852677169,122
mp-20554,InAgSe2,4,0,0.0,-0.651237781,122
mp-20187,LiInSe2,4,0,1.5731,-1.056964434,122
mp-32689,Pr2Se3,4,0,1.4256,-2.190777714,122
mp-32688,Nd2Se3,4,0,1.4285,-2.191013234,122
mp-32798,La2Se3,4,0,1.539,-2.342295032,122
mp-28089,P4Se3I2,4,0,2.0716,-0.333772753,122
mp-32578,Ce2Se3,4,0,0.0,-2.100741785,122
mp-39033,Sr(NdSe2)2,4,0,1.7524,-2.242733372,122
mp-36407,Nd2EuSe4,4,0,0.4907,-2.250445118,122
mp-36819,Sr(CeSe2)2,4,0,0.0,-2.161931339,122
mp-33569,Sr(LaSe2)2,4,0,1.6753,-2.358940672,122
mp-37859,Sr(PrSe2)2,4,0,1.7497,-2.246160954,122
mp-1173369,Pr2EuSe4,4,0,0.5078,-2.252477565,122
mp-505138,K2PdSe10,4,0,1.1765,-0.756974782,122
mp-37312,Na(La2Se3)4,4,0,0.0,-2.248723238,122
mp-675013,Na(Ce2Se3)4,4,0,0.0,-2.061993972,122
mp-1025222,ZnPd5Se,4,0,0.0,-0.393209515,123
mp-1102524,In2Pd8Se,4,0,0.0,-0.437894264,123
mp-1077944,HgPd5Se,4,0,0.0,-0.272027339,123
mp-1025371,CdPd5Se,4,0,0.0,-0.353180235,123
mp-22395,KCeSe4,4,0,0.0,-1.453518733,125
mp-628185,K3NaSn3Se8,4,0,1.4211,-1.019696193,125
mp-571164,Rb3AgSn3Se8,4,0,1.1725,-0.917866302,125
mp-571085,Ga2BiSe4,4,0,1.8901,-0.818415905,126
mp-571623,Al2BiSe4,4,0,2.2404,-1.01824725,126
mp-29138,KAuSe2,4,0,0.885,-0.708253692,127
mp-1208533,Ta3Se12I,4,0,0.1797,-0.907533224,128
mp-23410,Nb3Se12I,4,0,0.0742,-0.940372059,128
mp-1079647,BaAgSeF,4,0,1.2693,-2.263657034,129
mp-4628,ZrSiSe,4,0,0.0,-1.207684296,129
mp-20311,FeSe,4,0,0.0,-0.507918761,129
mp-8658,CsNaSe,4,0,2.027,-1.236933473,129
mp-7917,HfGeSe,4,0,0.0,-1.090815744,129
mp-21356,EuCuSeF,4,0,0.0305,-2.202238134,129
mp-552488,LaCuSeO,4,0,1.5381,-2.3130671,129
mp-8756,KLiSe,4,0,2.5249,-1.41947941,129
mp-9195,BaCuSeF,4,0,1.4265,-2.238796895,129
mp-23116,CuBiSeO,4,0,0.3006,-0.962171816,129
mp-16236,KAgSe,4,0,0.4822,-0.811976039,129
mp-9250,RbLiSe,4,0,2.3089,-1.337456629,129
mp-13962,HfSiSe,4,0,0.0,-1.133158002,129
mp-4878,ZrGeSe,4,0,0.0,-1.190350564,129
mp-1191916,Ag5PSeO4,4,0,0.3076,-1.134599115,129
mp-7433,NaCuSe,4,0,0.0477,-0.722765901,129
mp-2273942,TmAsSe,4,0,0.0,-1.532292777,129
mp-8732,Ta2Se,4,0,0.0,-0.512051233,129
mp-12620,NdSeF,4,0,0.9158,-3.23021055,129
mp-1018665,CeSe2,4,0,0.0,-1.916278437,129
mp-1018707,GdSe2,4,0,0.0,-1.789611788,129
mp-28920,Tl5Se2Cl,4,0,0.5641,-0.717590541,130
mp-1195087,Tl4PbSe3,4,0,0.2813,-0.493712768,130
mp-669410,K2Mn(SnSe3)2,4,0,0.8791,-0.939914773,130
mp-1195072,K2Zn(SnSe3)2,4,0,1.5684,-0.980549351,130
mp-1199790,Cs10P4PdSe16,4,0,1.2531,-1.073260975,131
mp-10489,Cs2Ti(CuSe2)2,4,0,1.3642,-1.170877257,132
mp-726,SeO2,4,0,3.2874,-0.723586133,135
mp-1209912,Pd3Se2S,4,0,0.3222,-0.418261584,135
mp-861871,SeI2,4,0,0.9079,-0.219242426,136
mp-10480,CsAg5Se3,4,0,0.0031,-0.471762516,136
mp-30313,Tb2Se2O7,4,0,3.2199,-2.590950094,138
mp-619928,Zr(Se2Cl3)2,4,0,1.3208,-1.020735787,138
mp-29420,Hf(Se2Cl3)2,4,0,1.3131,-1.03627263,138
mp-552098,Bi2SeO2,4,0,0.3687,-1.369466349,139
mp-5000,Tl(CuSe)2,4,0,0.0,-0.31575111,139
mp-1078664,Pr2Mn2Se2O3,4,0,0.5565,-2.456342694,139
mp-557020,Sr3Fe2Cu2Se2O5,4,0,0.0,-1.924792678,139
mp-1080029,Ba2Mn2Se2OF2,4,0,0.0,-2.546695323,139
mp-567657,K(CuSe)2,4,0,0.0,-0.643476324,139
mp-1079069,La2Mn2Se2O3,4,0,0.6198,-2.587418603,139
mp-550306,YCu2Bi2(SeO2)2,4,0,0.0,-1.740900029,139
mp-38494,Y4AsSe3,4,0,0.0,-2.001360929,139
mp-1836,TlSe,4,0,0.198,-0.373153116,140
mp-22232,TlInSe2,4,0,0.7351,-0.672915077,140
mp-23488,Tl5Se2I,4,0,0.7102,-0.616950168,140
mp-28921,Tl5Se2Br,4,0,0.3854,-0.686702976,140
mp-1211225,KTlSe2,4,0,1.3576,-0.872298193,140
mp-607785,Rb6LiNd11Se12(Cl4O9)4,4,0,3.2922,-2.37914942,140
mp-645405,Rb6LiPr11Se12(Cl4O9)4,4,0,3.2871,-2.373568472,140
mp-38593,Sm2AsSe,4,0,0.0,-2.007836053,141
mp-35388,LiSmSe2,4,0,1.5106,-1.928351616,141
mp-14912,La4Si2Se3O7,4,0,2.2305,-3.260341733,141
mp-14836,Pr4Si2Se3O7,4,0,2.3921,-3.168626902,141
mp-31285,Cs2PdSe8,4,0,1.1887,-0.843102777,142
mp-531600,Na3B5Se9,4,0,2.7845,-0.707823131,142
mp-558535,La10Se14O,4,0,1.5519,-2.438595034,142
mp-1219892,Pr6Ge3Se14,5,0,1.2058,-1.619456177,143
mp-1220273,Nd6Ge3Se14,5,0,1.165,-1.616972818,143
mp-754598,Hg3SeO6,5,0,0.4373,-0.54718626,144
mp-569702,KPSe3,5,0,1.4182,-0.799751222,144
mp-27313,NbSeF9,5,0,5.0491,-2.544760142,146
mp-504894,MgH12SeO9,5,0,5.0692,-1.448723103,146
mp-1228984,AlCu(PSe3)2,5,0,0.8799,-0.558878993,146
mp-1181839,Cs4Sr(SnSe3)3,5,0,1.6162,-1.212186766,146
mp-1223486,La9Al5Se21,5,0,1.694,-1.903148168,146
mp-1220064,Pr9Al5Se21,5,0,1.7884,-1.797958491,146
mp-1218878,Sm9Al5Se21,5,0,1.6432,-1.79753074,146
mp-1220655,Nd9Al5Se21,5,0,1.7754,-1.796041817,146
mp-17516,Ca10P6SeO24,5,0,3.7475,-3.280614031,147
mp-1219672,Rb(Nb3Se4)2,5,0,0.3993,-1.147805926,147
mp-1223931,K(Ti3Se4)2,5,0,0.0,-1.468723663,147
mp-640950,NaB9Se8,5,0,1.9422,-0.516334924,147
mp-1229235,Cs(Ti3Se4)2,5,0,0.0,-1.468362163,147
mp-1223754,K(Nb3Se4)2,5,0,0.3909,-1.147290646,147
mp-1219673,Rb(Ti3Se4)2,5,0,0.0,-1.470684774,147
mp-865961,K3Bi(AsSe2)6,5,0,1.3987,-0.691586421,147
mp-4855,Li2SeO4,5,0,3.8324,-1.848552499,148
mp-568883,Pr3SiSe2N3,5,0,2.0836,-1.786797428,148
mp-975924,Ge3Ir2Se3,5,0,0.5894,-0.648177628,148
mp-8695,MnPSe3,5,0,0.0,-0.540280137,148
mp-1079559,CdPSe3,5,0,1.0486,-0.581421915,148
mp-570152,Co2(SnSe)3,5,0,0.3384,-0.54208813,148
mp-756970,Al2(SeO4)3,5,0,3.0578,-1.757804682,148
mp-2832,Cr2Se3,5,0,0.0,-0.810428132,148
mp-30943,MgPSe3,5,0,2.0382,-0.881643759,148
mp-5094,Co2(GeSe)3,5,0,0.3737,-0.523631975,148
mp-976401,Ge3Rh2Se3,5,0,0.3303,-0.679848658,148
mp-1194504,Sn3Ir2Se3,5,0,0.4376,-0.536635254,148
mp-569126,AgBi(PSe3)2,5,0,1.2778,-0.470835583,148
mp-9888,Ir3Se8,5,0,0.0,-0.361656985,148
mp-1407,Rh3Se8,5,0,0.0,-0.454999517,148
mp-1196748,LiMn3H6(SeO3)8,5,0,1.6131,-1.43049079,148
mp-1220574,Nb9TlSe12,5,0,0.0,-1.092800468,148
mp-21836,K2In12Se19,5,0,0.8491,-0.882789966,148
mp-1213156,CsFe(SeO4)2,5,0,2.2281,-1.42821181,150
mp-1209140,RbGa(SeO4)2,5,0,2.5128,-1.511128384,150
mp-571464,RbPSe3,5,0,1.123,-0.805161338,152
mp-17252,BaCu2GeSe4,5,0,0.3567,-0.952095912,152
mp-1018722,HgSe,5,0,1.0432,-0.236920713,154
mp-2056,Ni3Se2,5,0,0.0,-0.286681586,155
mp-1221424,Na2(TaSe2)3,5,0,0.0,-1.083698018,155
mp-1216648,TiTeSe,5,0,0.0,-1.212468431,156
mp-1216698,TiSeS,5,0,0.0,-1.523746619,156
mp-675349,DyCuSe2,5,0,1.0668,-1.419405726,156
mp-1221646,MnCdSe2,5,0,0.2055,-0.723800653,156
mp-1201686,Tl2Mo3SeO12,5,0,2.3865,-1.723248382,159
mp-651332,SeBr4,5,0,2.206,-0.737292879,159
mp-680015,Re3(SeBr)7,5,0,1.3152,-0.778112466,159
mp-569806,K5Na(Ti2Se9)3,5,0,0.8225,-1.189826084,159
mp-570021,Ti6Tl5AgSe27,5,0,0.6648,-0.955324132,159
mp-16000,Cs5Ti6AgSe27,5,0,0.5904,-1.171232224,159
mp-16001,Rb5Ti6AgSe27,5,0,0.5623,-1.157896254,159
mp-15651,NiSe,5,0,0.0,-0.329132801,160
mp-1218953,SnGe4Te4Se,5,0,0.6133,-0.386365155,160
mp-1206603,RbCrSe2,5,0,1.0185,-1.018215508,160
mp-8612,Sb2TeSe2,5,0,0.4864,-0.498195292,160
mp-1221500,MnZnSe2,5,0,0.2439,-0.777117986,160
mp-3532,CrAgSe2,5,0,0.4239,-0.596073167,160
mp-1217996,TaCu3Se3S,5,0,1.6491,-0.780868981,160
mp-7684,Tl3AsSe3,5,0,0.8814,-0.512025156,160
mp-1221561,MnZn3(CrSe2)8,5,0,0.1763,-0.84625915,160
mp-8704,K3SbSe4,5,0,1.4318,-1.028999832,161
mp-1219630,Re6Se7Br4,5,0,1.6949,-0.808052,161
mp-20902,InAg(PSe3)2,5,0,0.6041,-0.503013942,163
mp-13383,ScAg(PSe3)2,5,0,1.6441,-0.805521451,163
mp-13385,TmAg(PSe3)2,5,0,1.7789,-0.832254243,163
mp-13384,ErAg(PSe3)2,5,0,1.7618,-0.833160903,163
mp-13973,Gd2SeO2,5,0,1.3547,-3.355567464,164
mp-769284,Dy2SeO2,5,0,2.1479,-3.47381259,164
mp-754640,Ce2SeO2,5,0,0.0,-3.353261035,164
mp-13975,Er2SeO2,5,0,2.1741,-3.483933183,164
mp-753920,Tm2SeO2,5,0,2.1129,-3.50354808,164
mp-13971,Nd2SeO2,5,0,2.1511,-3.337557991,164
mp-7233,La2SeO2,5,0,2.4067,-3.489723551,164
mp-1029330,Hf2SeN2,5,0,0.6071,-1.950856107,164
mp-13972,Sm2SeO2,5,0,2.1358,-3.385129292,164
mp-1206825,Lu2SeO2,5,0,2.0255,-3.499854684,164
mp-13974,Ho2SeO2,5,0,2.1517,-3.476937466,164
mp-755340,Tb2SeO2,5,0,2.1407,-3.481766116,164
mp-1069558,Ce2SeN2,5,0,0.9476,-1.90679296,164
mp-4764,Pr2SeO2,5,0,2.1691,-3.341832924,164
mp-752658,Y2SeO2,5,0,2.1613,-3.444614326,164
mp-1206373,LiHfSe2,5,0,0.0,-1.482287629,164
mp-985831,HfSe2,5,0,0.5342,-1.564946299,164
mp-2194,TiSe2,5,0,0.0,-1.426344963,164
mp-9386,CsAu3Se2,5,0,2.1741,-0.637049269,164
mp-1206595,LiTiSe2,5,0,0.0,-1.460510835,164
mp-9385,RbAu3Se2,5,0,1.7326,-0.608776529,164
mp-665,SnSe2,5,0,0.7018,-0.423896769,164
mp-1001615,LiZrSe2,5,0,0.0,-1.56655716,164
mp-694,VSe2,5,0,0.0,-0.833392346,164
mp-1115,PtSe2,5,0,0.6193,-0.463916126,164
mp-2076,ZrSe2,5,0,0.3296,-1.580534294,164
mp-1009581,CrSe2,5,0,0.0,-0.768557238,164
mp-1096867,Cd(CuSe)2,5,0,0.0,-0.503492671,164
mp-541487,TlPt2Se3,5,0,0.462,-0.52807404,164
mp-1102023,HgPt2Se3,5,0,0.0,-0.430176132,164
mp-7038,TlPd2Se3,5,0,0.0347,-0.458453155,164
mp-29624,Mg2Al2Se5,5,0,1.97,-1.303387148,164
mp-8132,Li(TiSe2)3,5,0,0.0,-1.44130491,164
mp-29666,Bi2Te2Se,5,0,0.5442,-0.585136745,166
mp-3525,Sb2Te2Se,5,0,0.1308,-0.453608981,166
mp-27617,Ce2SeF4,5,0,0.0,-3.809894139,166
mp-22473,NaInSe2,5,0,1.0192,-1.009197115,166
mp-13313,ScTlSe2,5,0,0.6146,-1.452744161,166
mp-10782,RbTbSe2,5,0,1.9336,-1.9679524,166
mp-10780,RbSmSe2,5,0,1.899,-1.965809699,166
mp-703253,RbFeSe2O7,5,0,0.0,-1.51365476,166
mp-569393,GdTlSe2,5,0,0.4741,-1.583077545,166
mp-568062,DyTlSe2,5,0,1.2525,-1.611610018,166
mp-10779,RbNdSe2,5,0,1.8958,-1.961647512,166
mp-999472,NaLaSe2,5,0,2.2767,-1.978805695,166
mp-569507,TbTlSe2,5,0,1.2733,-1.618032431,166
mp-10784,RbErSe2,5,0,1.9769,-1.955691798,166
mp-1220879,NaSbSe2,5,0,0.6375,-0.727243492,166
mp-15793,LiTbSe2,5,0,1.5013,-1.926553914,166
mp-999474,NaHoSe2,5,0,1.8867,-1.988734831,166
mp-10781,RbGdSe2,5,0,1.0339,-1.976551806,166
mp-569178,HoTlSe2,5,0,1.2785,-1.605807921,166
mp-1067744,YTlSe2,5,0,1.2608,-1.616571717,166
mp-999137,SmTlSe2,5,0,1.2219,-1.613880871,166
mp-999461,NaPrSe2,5,0,1.7927,-1.952799965,166
mp-1229011,AgSnSe2,5,0,0.0,-0.522192775,166
mp-8584,NaErSe2,5,0,1.9258,-1.98220459,166
mp-10783,RbHoSe2,5,0,1.9587,-1.958008407,166
mp-1006891,KSmSe2,5,0,1.8906,-2.0416105,166
mp-15792,LiGdSe2,5,0,1.1717,-1.926430369,166
mp-1218995,SmGdSe2,5,0,0.0,-2.05330718,166
mp-999289,PrTlSe2,5,0,1.2621,-1.589741347,166
mp-15796,LiHoSe2,5,0,1.5729,-1.96255001,166
mp-1222885,LaErSe2,5,0,0.0,-2.103320804,166
mp-1001611,LuTlSe2,5,0,1.2129,-1.589240394,166
mp-1067280,TmTlSe2,5,0,1.1879,-1.59556289,166
mp-999448,NaYSe2,5,0,1.8434,-1.997453905,166
mp-568588,NdTlSe2,5,0,1.2255,-1.608457379,166
mp-7176,RbLaSe2,5,0,2.32,-2.041494887,166
mp-15797,LiErSe2,5,0,1.6151,-1.957845522,166
mp-1218913,SmYSe2,5,0,0.0,-2.045016442,166
mp-19137,K2Mn(SeO3)2,5,0,3.6409,-1.761161101,166
mp-999491,NaCeSe2,5,0,0.0,-1.864828622,166
mp-570117,ErTlSe2,5,0,1.2151,-1.60697226,166
mp-1221101,NaBiSe2,5,0,1.0923,-0.975461257,166
mp-10777,RbCeSe2,5,0,0.0478,-1.920673316,166
mp-999489,NaGdSe2,5,0,1.3585,-1.95902343,166
mp-3332,NaCrSe2,5,0,0.7808,-1.039510734,166
mp-1077903,Tl2Pd3Se2,5,0,0.0,-0.393888904,166
mp-10785,RbLuSe2,5,0,2.0299,-1.93479714,166
mp-999471,NaNdSe2,5,0,1.8121,-1.964508349,166
mp-15794,LiYSe2,5,0,1.5239,-1.968470494,166
mp-999488,NaDySe2,5,0,1.8635,-1.992658823,166
mp-29662,TlBiSe2,5,0,0.2323,-0.696269072,166
mp-15795,LiDySe2,5,0,1.5348,-1.96490485,166
mp-999127,NaTbSe2,5,0,1.839,-1.931277131,166
mp-19189,K2Co(SeO3)2,5,0,0.0,-1.605337769,166
mp-10778,RbPrSe2,5,0,1.8997,-1.955156013,166
mp-999450,NaSmSe2,5,0,1.8016,-1.976580612,166
mp-27607,Bi4Se3,5,0,0.0,-0.500540685,166
mp-573316,CsPt2Se3,5,0,1.0495,-0.897231298,166
mp-541837,Bi2Se3,5,0,0.3769,-0.689239791,166
mp-14796,KPt2Se3,5,0,0.9439,-0.757366246,166
mp-14797,RbPt2Se3,5,0,1.006,-0.884477466,166
mp-675543,Bi2PbSe4,5,0,0.4549,-0.72074601,166
mp-1190284,Bi8Se9,5,0,0.0025,-0.612857848,166
mp-15571,K3AuSe2,5,0,2.0524,-1.131437585,167
mp-771136,Ho2(SeO4)3,5,0,3.8112,-1.7461757,167
mp-651741,Cs2Re2Se5,5,0,0.7002,-0.962711274,167
mp-560990,Ca3Fe2(SeO3)6,5,0,1.9936,-1.892164235,167
mp-556960,Sr3Fe2(SeO3)6,5,0,0.7642,-1.908808836,167
mp-620609,Ba15(ZrSe3)14,5,0,0.3034,-1.941663789,167
mp-612740,In2Se3,6,0,0.9902,-0.686687468,169
mp-862787,AlInSe3,6,0,1.6096,-0.863921058,169
mp-504952,InGaSe3,6,0,1.331,-0.705555897,169
mp-1198721,Rb2Mo3SeO12,6,0,2.5069,-1.954158538,173
mp-18353,Cs2Mo3SeO12,6,0,2.5059,-1.966175995,173
mp-1209461,Rb2W3SeO12,6,0,3.0758,-2.107436826,173
mp-18371,Cs2W3SeO12,6,0,2.443,-2.110948858,173
mp-645272,TlV3(SeO6)2,6,0,2.3046,-1.861376784,173
mp-16917,RbV3(SeO6)2,6,0,2.0025,-1.981125616,173
mp-18545,CsV3(SeO6)2,6,0,2.3398,-1.986749696,173
mp-541520,KV3(SeO6)2,6,0,2.3366,-1.972767331,173
mp-17389,Pr3SiAgSe7,6,0,1.4423,-1.615457535,173
mp-568082,La3CuSiSe7,6,0,1.5373,-1.736871188,173
mp-641534,Nd3CuSiSe7,6,0,1.1291,-1.632453711,173
mp-510011,La3CuGeSe7,6,0,1.1936,-1.688348896,173
mp-567753,La3CuSnSe7,6,0,1.2088,-1.690010418,173
mp-568638,Y3CuSiSe7,6,0,1.5105,-1.576679984,173
mp-570045,Sm3CuSiSe7,6,0,1.4374,-1.619130236,173
mp-568189,Gd3CuGeSe7,6,0,0.7897,-1.567086088,173
mp-567428,Tb3CuGeSe7,6,0,1.1262,-1.545870864,173
mp-17155,La3AgSnSe7,6,0,1.3005,-1.67492593,173
mp-17243,Pr3CuSnSe7,6,0,1.2169,-1.586328023,173
mp-568801,Pr3CuSiSe7,6,0,1.3633,-1.635427651,173
mp-6485,La3SiAgSe7,6,0,1.6531,-1.719268847,173
mp-571472,Ce3CuSiSe7,6,0,0.0,-1.594270831,173
mp-18071,Ce3SiAgSe7,6,0,0.0,-1.557959609,173
mp-505558,Dy3CuGeSe7,6,0,1.1277,-1.532251464,173
mp-568954,Nd3CuGeSe7,6,0,1.2228,-1.584600442,173
mp-570564,Ce3CuGeSe7,6,0,0.0,-1.549808483,173
mp-568779,Tb3CuSiSe7,6,0,1.4882,-1.593316914,173
mp-570226,Sm3CuGeSe7,6,0,1.1612,-1.571149619,173
mp-641576,Gd3CuSiSe7,6,0,0.8444,-1.615131611,173
mp-18303,Nd3CuSnSe7,6,0,1.1932,-1.583156321,173
mp-17827,Nd3SiAgSe7,6,0,1.4465,-1.610765358,173
mp-571347,Pr3CuGeSe7,6,0,1.2189,-1.58664135,173
mp-569557,Dy3CuSiSe7,6,0,1.5196,-1.579378002,173
mp-1194579,Dy2SeOF2,6,0,2.8706,-3.736856007,176
mp-1195159,Tb2SeOF2,6,0,2.8314,-3.740186512,176
mp-1194754,Gd2SeOF2,6,0,1.3915,-3.692987104,176
mp-1194932,Sm2SeOF2,6,0,2.781,-3.714088251,176
mp-3411,Tl(MoSe)3,6,0,0.0,-0.58091336,176
mp-1202675,NdH3(SeO4)3,6,0,3.042,-1.504479252,176
mp-1104242,K(MoSe)3,6,0,0.0,-0.837728034,176
mp-1103685,Rb(MoSe)3,6,0,0.0,-0.917731754,176
mp-1104663,Cs(MoSe)3,6,0,0.0,-0.927829025,176
mp-31065,Sc2(SeO3)3,6,0,3.8037,-2.257013518,176
mp-1186069,Na(MoSe)3,6,0,0.3974,-0.746716727,176
mp-9227,Ti3Se4,6,0,0.0,-1.4834337,176
mp-561,Nb3Se4,6,0,0.0,-0.997860727,176
mp-1188354,Ta3VSe6,6,0,0.0,-0.995549355,182
mp-1105840,Nb3VSe6,6,0,0.0,-1.080870067,182
mp-985289,Nb3CrSe6,6,0,0.0,-1.11085791,182
mp-1188631,Ti(NbSe2)3,6,0,0.0,-1.259802855,182
mp-1018040,MgSe,6,0,2.5765,-1.474296714,186
mp-568263,GaSe,6,0,1.2121,-0.690018708,186
mp-999540,MnSe,6,0,0.0,-0.949901937,186
mp-1070,CdSe,6,0,0.5724,-0.837606194,186
mp-28987,NaPt2Se3,6,0,0.9897,-0.685094325,186
mp-14780,Na6MnSe4,6,0,1.1333,-1.248127843,186
mp-1024047,Na6ZnSe4,6,0,1.7462,-1.175660503,186
mp-555217,Dy3Se4O12F,6,0,3.7411,-2.480931368,186
mp-18481,K6MnSe4,6,0,1.232,-1.320889421,186
mp-1147626,K6ZnSe4,6,0,1.6945,-1.239638241,186
mp-1191206,K6HgSe4,6,0,1.3846,-1.187623555,186
mp-559447,Gd3Se4O12F,6,0,2.7816,-2.453889205,186
mp-740711,Cs3B6H12Se4Br,6,0,4.4933,-0.606698375,186
mp-1190907,Rb6HgSe4,6,0,1.3644,-1.143552496,186
mp-16841,La4MnSe6O,6,0,0.0,-2.327797114,186
mp-17340,Nd4MnSe6O,6,0,0.0,-2.194918727,186
mp-582774,Ce4MnSe6O,6,0,0.0,-2.14387707,186
mp-1206742,ErHSe,6,0,1.4817,-1.640615907,187
mp-1206843,LuHSe,6,0,1.4615,-1.591458548,187
mp-1207092,GdHSe,6,0,0.5979,-1.634186529,187
mp-1207186,DyHSe,6,0,1.4877,-1.669261051,187
mp-1207080,TbHSe,6,0,1.5055,-1.66098226,187
mp-28797,YHSe,6,0,1.5072,-1.659960229,187
mp-24012,HoHSe,6,0,1.4981,-1.654941534,187
mp-1183040,ZrSe,6,0,0.0,-1.557152287,187
mp-567736,TaPbSe2,6,0,0.0,-0.759321671,187
mp-999136,TaInSe2,6,0,0.0,-0.738184581,187
mp-1223811,K2(TaSe2)3,6,0,0.0,-1.022814304,187
mp-9063,RbSe,6,0,0.9245,-1.164229321,189
mp-9268,KSe,6,0,0.7039,-1.114099228,189
mp-707424,Al2H12(SeO5)3,6,0,4.7445,-1.6088297,190
mp-1188274,La5Pb3Se,6,0,0.0,-1.008159709,193
mp-1190294,Zr5Sn3Se,6,0,0.0,-0.889504313,193
mp-1025029,PrHSe,6,0,1.9162,-1.659885368,194
mp-1207192,NdHSe,6,0,1.6838,-1.666678747,194
mp-1193800,Hf9Re4Se,6,0,0.0,-0.424342917,194
mp-7738,LaSeF,6,0,1.7261,-3.349922199,194
mp-1079726,Zr2SeN2,6,0,0.3368,-1.92575015,194
mp-1207668,TmSeF,6,0,1.8704,-3.167836993,194
mp-15668,NaSe,6,0,0.4942,-1.000117891,194
mp-1206927,Hf2Se,6,0,0.0,-0.937159986,194
mp-20485,InSe,6,0,0.459,-0.676726512,194
mp-1212479,Hf9Mo4Se,6,0,0.0,-0.277448133,194
mp-7435,KCuSe,6,0,0.1762,-0.805976209,194
mp-24011,CeHSe,6,0,0.0,-1.577201063,194
mp-1025496,LiNbSe2,6,0,0.7319,-1.236610022,194
mp-1019276,TaSe2,6,0,0.0,-0.932053957,194
mp-7939,NaNbSe2,6,0,0.5014,-1.184083911,194
mp-1821,WSe2,6,0,1.4465,-0.603619506,194
mp-2207,NbSe2,6,0,0.0,-0.983443458,194
mp-1634,MoSe2,6,0,1.301,-0.749936843,194
mp-1079893,BaTiSe3,6,0,0.0,-1.770214763,194
mp-1193543,Nb4NiSe8,6,0,0.0,-1.084053125,194
mp-1208377,Ta4CrSe8,6,0,0.0,-1.067925504,194
mp-1193638,Nb4FeSe8,6,0,0.0,-1.078659874,194
mp-1193575,Mn(NbSe2)4,6,0,0.0,-1.039548577,194
mp-1193368,Nb4CoSe8,6,0,0.0,-1.080015148,194
mp-1209978,Nb4VSe8,6,0,0.0,-1.068388808,194
mp-10846,NiAsSe,7,0,0.0,-0.314225985,198
mp-1228724,AsRhSe,7,0,0.9137,-0.666109608,198
mp-1095370,BiPdSe,7,0,0.0,-0.54736234,198
mp-1228810,AsIrSe,7,0,1.4699,-0.622789715,198
mp-557923,Na2MoSeO6,7,0,3.6489,-1.893141287,198
mp-1103228,BiIrSe,7,0,0.5346,-0.424568788,198
mp-10847,NiSbSe,7,0,0.0,-0.30843568,198
mp-1103607,BiPtSe,7,0,0.0,-0.517399677,198
mp-4368,SbPdSe,7,0,0.0,-0.443803751,198
mp-1218926,SnPtSe,7,0,0.5741,-0.639586364,198
mp-1101765,BiRhSe,7,0,0.238,-0.573478663,198
mp-1102366,SbRhSe,7,0,0.4033,-0.773913592,198
mp-1102531,PRhSe,7,0,1.0834,-0.729477652,198
mp-1095507,SbIrSe,7,0,1.1474,-0.561186512,198
mp-10849,AsPdSe,7,0,0.0,-0.386898186,198
mp-1193265,Na3SbSe3,7,0,1.9982,-0.996177171,198
mp-1192816,Cs3SbSe3,7,0,2.2748,-1.167748692,198
mp-621964,K2RbBiSe3,7,0,2.1256,-1.161596299,198
mp-581738,Cs3BiSe3,7,0,2.0207,-1.160231311,198
mp-29168,Rb3BiSe3,7,0,2.0716,-1.15009085,198
mp-17912,Rb3SbSe3,7,0,2.3028,-1.155376541,198
mp-8686,Na3AsSe3,7,0,2.0081,-0.95651838,198
mp-17538,K3SbSe3,7,0,2.2931,-1.132743057,198
mp-18594,K3AsSe3,7,0,2.1092,-1.110978559,198
mp-4876,Tl3SbSe3,7,0,1.0148,-0.435857007,198
mp-28980,K3BiSe3,7,0,2.0592,-1.152130584,198
mp-1200563,Ag7AsSe6,7,0,0.0,-0.273260945,198
mp-1214959,Al(Ag3Se2)3,7,0,0.0,-0.385079148,198
mp-27163,Ga(Ag3Se2)3,7,0,0.0,-0.34494138,198
mp-8594,Ag7PSe6,7,0,0.4412,-0.302409622,198
mp-1201016,Cs9Fe2Se7,7,0,0.513,-1.108616639,198
mp-1212164,Hg3(SeF)2,7,0,1.9752,-0.86766872,199
mp-27851,Hg3(SeCl)2,7,0,1.7701,-0.513600889,199
mp-29501,Rb3AsSe16,7,0,0.9103,-0.708004894,203
mp-29947,K3PSe16,7,0,0.8305,-0.719937344,203
mp-1202355,CsCrH24(SeO10)2,7,0,3.957,-1.355019577,205
mp-1922,RuSe2,7,0,0.3138,-0.52351136,205
mp-1195090,CsY(SeO3)2,7,0,4.102,-2.194331889,205
mp-2480,OsSe2,7,0,0.0,-0.279755603,205
mp-20901,NiSe2,7,0,0.0,-0.319800996,205
mp-721077,CsFeH24(SeO10)2,7,0,2.9045,-1.319225422,205
mp-1095493,CdSe2,7,0,0.6142,-0.635285371,205
mp-1102515,ZnSe2,7,0,0.7292,-0.644161672,205
mp-24523,CsAlH24(SeO10)2,7,0,4.2024,-1.41833761,205
mp-1103590,MgSe2,7,0,1.9685,-1.133252947,205
mp-556672,Sn(SeO3)2,7,0,2.5822,-1.156901288,205
mp-3172,Ag3AuSe2,7,0,0.0235,-0.238808484,214
mp-21855,VCu3Se4,7,0,0.8164,-0.571940111,215
mp-1180119,NaTiCu3Se4,7,0,1.3708,-0.89104111,215
mp-1179864,NaMnCu3Se4,7,0,0.0,-0.592678694,215
mp-4043,NbCu3Se4,7,0,1.3604,-0.59600678,215
mp-4081,TaCu3Se4,7,0,1.598,-0.595982888,215
mp-1541,BeSe,7,0,2.6637,-1.029387864,216
mp-1190,ZnSe,7,0,1.1663,-0.951561031,216
mp-1104454,Ta4Ga(TeSe)4,7,0,0.0,-0.856462166,216
mp-1226280,Cr4CdAgSe8,7,0,0.0,-0.763073599,216
mp-8689,V4GeSe8,7,0,0.0,-0.945249795,216
mp-15208,Nb4GaSe8,7,0,0.0,-0.945116486,216
mp-1229004,AlCr4CuSe8,7,0,0.0,-0.841807363,216
mp-20809,Cr4InCuSe8,7,0,0.0,-0.785576135,216
mp-1226304,Cr4GaCuSe8,7,0,0.0,-0.802006105,216
mp-21504,V4GaSe8,7,0,0.0,-0.91265034,216
mp-1226322,Cr4InAgSe8,7,0,0.0001,-0.78257497,216
mp-1221753,MnCr4CdSe8,7,0,0.5469,-0.808366691,216
mp-1226405,Cr4CuNiSe8,7,0,0.0,-0.743853269,216
mp-14921,Zn4B6SeO12,7,0,1.8571,-2.436888262,217
mp-1208447,Sr4Al6SeO12,7,0,3.1075,-3.368722147,217
mp-10644,TaTl3Se4,7,0,2.2527,-0.714410679,217
mp-8703,Na3SbSe4,7,0,0.9871,-0.882343705,217
mp-866667,Li3AsH36(SeN3)4,7,0,1.8941,-0.513047472,217
mp-1025396,NbTl3Se4,7,0,2.1041,-0.820762987,217
mp-1025549,Tl3VSe4,7,0,1.5636,-0.654819332,217
mp-1078419,Na3PSe4,7,0,1.1169,-0.907595617,217
mp-1120763,Cs3VSe4,7,0,1.4894,-1.274237555,217
mp-18554,Mn4Be3Si3SeO12,7,0,3.1871,-2.746921257,218
mp-16793,Be3Cd4Si3SeO12,7,0,3.0777,-2.576341048,218
mp-21535,Mn4Be3Ge3SeO12,7,0,2.5408,-2.293543983,218
mp-29834,Cs4SiSe4,7,0,2.2151,-1.294616639,218
mp-568847,K4GeSe4,7,0,2.0003,-1.213493229,218
mp-567370,Ce3Se4,7,0,0.0,-2.111994037,220
mp-21765,Pd17Se15,7,0,0.0,-0.374924537,221
mp-1232234,PmSe,7,0,0.0,-2.105092183,225
mp-1266,Na2Se,7,0,2.0153,-1.26957721,225
mp-1674,PrSe,7,0,0.0,-2.105255975,225
mp-1161,LaSe,7,0,0.0,-2.263983257,225
mp-1447,SmSe,7,0,0.0,-2.08223309,225
mp-2758,SrSe,7,0,2.2313,-2.352553965,225
mp-27830,Cs2SeCl6,7,0,2.7509,-1.564754552,225
mp-989544,Cs2SeClF6,7,0,0.0,-2.194021875,225
mp-1523293,Ba2SrSeO6,7,0,2.3123,-2.493172756,225
mp-1520564,Ba2CaSeO6,7,0,2.01,-2.547212394,225
mp-11327,Rb2Se,7,0,1.7968,-1.207288049,225
mp-1453,NdSe,7,0,0.0,-2.106972128,225
mp-414,LuSe,7,0,0.0,-1.812223763,225
mp-1253,BaSe,7,0,1.9488,-2.283761781,225
mp-21009,EuSe,7,0,0.0,-2.357297482,225
mp-2822,TmSe,7,0,0.0,-1.89843248,225
mp-23036,K2SeBr6,7,0,1.6978,-1.355143545,225
mp-464,HoSe,7,0,0.0,-1.961464692,225
mp-2637,YSe,7,0,0.0,-2.003811055,225
mp-510404,GdSe,7,0,0.0,-2.00948603,225
mp-1415,CaSe,7,0,2.0728,-2.31595782,225
mp-1561,TbSe,7,0,0.0,-1.997316125,225
mp-2563,CeSe,7,0,0.0,-2.048877901,225
mp-8426,K2Se,7,0,2.0925,-1.294135336,225
mp-1011695,Cs2Se,7,0,1.7952,-1.203190211,225
mp-2491,ErSe,7,0,0.0,-1.925282436,225
mp-2201,PbSe,7,0,0.4257,-0.672572755,225
mp-814,DySe,7,0,0.0,-1.998425757,225
mp-27829,Rb2SeCl6,7,0,2.6051,-1.534148807,225
mp-2286,Li2Se,7,0,2.9746,-1.451676987,225
mp-1782,ScSe,7,0,0.0,-1.788663982,225
mp-556938,Pr30Ti24Se58I8O25,7,0,0.1702,-2.347532962,225
mp-1232083,Dy2MgSe4,7,0,1.2874,-1.95351327,227
mp-5602,Cr2HgSe4,7,0,0.0,-0.72203724,227
mp-10191,Lu2MgSe4,7,0,1.477,-1.946865798,227
mp-1103546,Mn2ZnSe4,7,0,0.0,-0.764152848,227
mp-14928,Sc2MnSe4,7,0,0.0,-1.695832586,227
mp-15614,Cu(RhSe2)2,7,0,0.0,-0.481471136,227
mp-1103893,Lu2MnSe4,7,0,0.7626,-1.709210931,227
mp-3880,Cr2CuSe4,7,0,0.0,-0.752817085,227
mp-570959,Dy2CdSe4,7,0,0.5809,-1.76928326,227
mp-1120781,Ni3Se4,7,0,0.0,-0.359327856,227
mp-20456,Co3Se4,7,0,0.0,-0.349812147,227
mp-4697,Zn(CrSe2)2,7,0,0.0389,-0.864946693,227
mp-22605,Cr2CdSe4,7,0,0.0,-0.827460379,227
