mpid,formula,PFn Predictions,PFp Predictions,PF mean
mp-24012,HoHSe,-2.169742883,-2.403235233,-2.286489037
mp-1182182,BaScCu3Se4,-2.519498809,-2.739432679,-2.629465702
mp-1215430,Zn2SeS,-2.133717096,-2.436385383,-2.285051204
mp-1120763,Cs3VSe4,-2.447829278,-2.81962126,-2.633725147
mp-16033,Sm2TeO2,-2.137479022,-2.473569636,-2.305524283
mp-1207186,DyHSe,-2.179404895,-2.446373856,-2.312889346
mp-983565,CuBSe2,-2.15555188,-2.318170189,-2.236861025
mp-685146,CdTe,-2.023109452,-2.25749979,-2.140304605
mp-35777,Mg(InTe2)2,-2.198026586,-2.627778307,-2.412902348
mp-1078823,Cs2Zr(AgTe2)2,-2.930371514,-3.080276727,-3.005324075
mp-1222141,Mg2TeS,-2.118322235,-2.638104485,-2.378213226
mp-1206742,ErHSe,-2.166899992,-2.420332162,-2.293616052
mp-568968,K2SnHgSe4,-2.287307529,-2.427969914,-2.357638712
mp-1222182,Mg(InTe2)2,-2.190356523,-2.643912208,-2.417134255
mp-974307,NdCuTeO,-2.151218595,-3.175784573,-2.663500491
mp-1220452,NbCu3(SeS)2,-2.096494751,-2.275155933,-2.185825332
mp-1206843,LuHSe,-2.224303324,-2.290253625,-2.257278473
mp-1181577,CsTiCu3Se4,-2.691209852,-2.791213624,-2.741211727
mp-7581,MoSe2,-2.184125862,-2.487282799,-2.33570429
mp-1821,WSe2,-2.267566811,-2.462358541,-2.364962658
mp-37091,Sr(AlTe2)2,-2.128632268,-2.645874964,-2.387253481
mp-1023934,MoSe2,-2.172200301,-2.426003202,-2.299101725
mp-1097013,KGaTe2,-2.151803265,-2.594410956,-2.373107015
mp-9195,BaCuSeF,-2.058870215,-2.530744494,-2.294807264
mp-3038,Al2HgSe4,-2.308604793,-2.574008178,-2.441306446
mp-1541909,CsTeAu,-2.064511412,-2.388431974,-2.226471657
mp-1181558,CsZrCu3Se4,-3.150663609,-3.465565719,-3.308114253
mp-1178702,YZnCu3Se4,-2.476610966,-2.657645545,-2.567128231
mp-15776,Zn(GaSe2)2,-2.265238713,-2.544130802,-2.404684717
mp-1220411,NbCu3(TeSe)2,-2.16561274,-2.306931863,-2.236272295
mp-1182227,BaGaCu3Se4,-2.418069665,-2.73823001,-2.578149759
mp-1029349,Y4Se3N2,-2.076140336,-2.165011743,-2.120576037
mp-540957,Cs2TeI6,-2.459552481,-2.763187995,-2.611370161
mp-35539,Zn2GeSe4,-2.282263944,-2.527385511,-2.404824697
mp-20782,LiInTe2,-2.193724682,-2.585516106,-2.389620317
mp-1120759,PdSe2,-2.203238278,-2.204736595,-2.203987437
mp-1181585,CsHfCu3Se4,-2.610050574,-2.776057462,-2.69305399
mp-1180119,NaTiCu3Se4,-2.492330739,-2.70730514,-2.599817902
mp-1215446,Zn2SeS,-2.147002177,-2.489504997,-2.318253537
mp-1228524,Al2Te3,-2.27616609,-2.182176181,-2.229171132
mp-4043,NbCu3Se4,-2.308420899,-2.714016766,-2.511218723
mp-999489,NaGdSe2,-2.426297462,-2.456249293,-2.441273377
mp-16764,RbYTe2,-2.26620696,-2.613480592,-2.439843708
mp-13973,Gd2SeO2,-2.403820286,-2.318308137,-2.361064208
mp-3772,Cd(GaSe2)2,-2.250543055,-2.575192244,-2.412867594
mp-1079569,Te(NO3)2,-2.411227024,-2.307153062,-2.359190038
mp-30291,Tb4Se3N2,-2.132134323,-2.074504875,-2.103319598
mp-14338,Cs2Pt3Se4,-2.492655878,-2.367457538,-2.4300567
mp-9263,KErTe2,-2.130771285,-2.558566663,-2.344668891
mp-29496,Pd(SeBr3)2,-2.351419913,-2.135595814,-2.243507847
mp-999269,RbSmTe2,-2.179000001,-2.649212372,-2.414106068
mp-1180844,KCu3SiSe4,-2.422796541,-2.692487384,-2.557641909
mp-1215566,Zn5Se4S,-2.276107853,-2.323668213,-2.299888032
mp-5459,Nd2TeO2,-2.133240105,-3.083645158,-2.608441816
mp-1179118,SrGaCu3Se4,-2.368600464,-2.707764158,-2.53818223
mp-1080777,Pr2Fe2Se2O3,-2.503986904,-2.628481044,-2.566233962
mp-1634,MoSe2,-2.235660069,-2.392191871,-2.31392596
mp-5808,RbNdTe2,-2.172654606,-3.273664585,-2.723158122
mp-16763,KYTe2,-2.142186787,-2.519871125,-2.331028893
mp-573755,CsTeAu,-2.062822286,-2.367500628,-2.215161426
mp-11742,CsNdTe2,-2.303216446,-3.289983796,-2.796598755
mp-1077823,TeO2,-2.224371081,-2.442111289,-2.333241165
mp-10163,NaAlTe2,-2.193702836,-2.449787861,-2.32174532
mp-9194,SmCuSeO,-2.198915052,-2.41983059,-2.309372801
mp-1080438,SrAgTeF,-1.879979218,-2.364321857,-2.122150473
mp-1215550,Zn2InAgTe4,-2.316387349,-2.471716058,-2.394051692
mp-1247784,Cs2Se,-2.152370422,-2.506985312,-2.329677812
mp-1023928,MoWSe4,-2.279500413,-2.578169636,-2.428834976
mp-1179119,SrInCu3Se4,-2.475897101,-2.690155925,-2.583026478
mp-5273,KPrTe2,-2.146504147,-2.542578328,-2.344541166
mp-1120735,VIn3Se4,-2.426494101,-2.710435554,-2.568464767
mp-1025340,Cu2WSe4,-2.352458331,-2.411145054,-2.381801691
mp-1179752,RbCu3SnSe4,-2.424684399,-2.691661351,-2.558172823
mp-1182175,BaInCu3Se4,-2.421933264,-2.684916246,-2.553424705
mp-1217488,Te2W2N2O,-2.322301842,-2.322458329,-2.322380086
mp-1079647,BaAgSeF,-1.958944645,-2.357147115,-2.158045833
mp-1182242,BaYCu3Se4,-2.470892391,-2.688349302,-2.57962081
mp-11740,KNdTe2,-2.142554323,-3.143023927,-2.642788137
mp-9036,KSmTe2,-2.131581341,-2.538107278,-2.334844236
mp-1040801,LaCrTeO6,-2.315432793,-2.214480182,-2.264956484
mp-1018807,MoSe2,-2.224958459,-2.392191871,-2.308575154
mp-1388058,TeWO6,-2.351764803,-2.831336091,-2.591550261
mp-1179510,ScCdCu3Se4,-2.574476759,-2.665897018,-2.620186882
mp-31220,AlSiTe3,-2.361007352,-2.467426015,-2.414216678
mp-1572,GaSe,-2.302200451,-2.405640349,-2.353920395
mp-1229065,AlCuSeS,-2.194622404,-2.316567727,-2.25559506
mp-1943,GaSe,-2.302723921,-2.401375897,-2.352049905
mp-998299,RbSeBr3,-2.20542689,-2.259387765,-2.232407327
mp-1222019,MgCdTe2,-2.062221839,-2.571546143,-2.316883879
mp-1179753,RbCu3SiSe4,-2.37536355,-2.676783038,-2.526073232
mp-1025572,WSe2,-2.464529894,-2.416513998,-2.440521945
mp-11342,GaSe,-2.203738199,-2.480401226,-2.342069678
mp-1215439,ZnGaPSe,-2.180725569,-2.500097943,-2.34041171
mp-10680,BaSe,-1.983001542,-2.69513641,-2.33906874
mp-1178729,YCdCu3Se4,-2.520064072,-2.627092079,-2.573578067
mp-37680,LiGdSe2,-2.506761785,-2.384775756,-2.445768762
mp-1221404,MoSeS,-2.226168598,-2.471404,-2.348786272
mp-380,ZnSe,-2.221623641,-2.32518438,-2.273404006
mp-1180796,KCu3SnSe4,-2.475900941,-2.641602686,-2.558751793
mp-21228,SrCuSeF,-2.038990147,-2.453153368,-2.246071695
mp-1221402,MoWSe4,-2.294429074,-2.505256725,-2.399842877
mp-567913,CsAuSe3,-2.50607223,-2.331423772,-2.418747985
mp-1542038,CsSnSe3,-2.402725495,-2.117873845,-2.26029964
mp-9304,DyCuSeO,-2.212545298,-2.405702705,-2.309123986
mp-546790,LaCuTeO,-2.175300832,-2.463539506,-2.319420134
mp-1224822,Ga2SeS,-2.25784945,-2.622381999,-2.440115649
mp-999447,NaSmTe2,-2.203992132,-2.619893042,-2.411942496
mp-15792,LiGdSe2,-2.417399331,-2.438296333,-2.427847832
mp-16036,Tb2TeO2,-2.133230594,-2.29746042,-2.215345498
mp-1023940,MoSe2,-2.230543317,-2.43713064,-2.33383696
mp-1190,ZnSe,-2.09061151,-2.573183318,-2.331897311
mp-1206851,LuAgTe2,-2.213641727,-2.614683717,-2.414162636
mp-1025799,MoSe2,-2.389673624,-2.360812452,-2.375243038
mp-961649,ZrFeTe,-2.844187253,-3.316439075,-3.08031261
mp-36209,TmCuSe2,-2.139622798,-2.534827614,-2.337225136
mp-2552,TeO3,-2.253232385,-2.573123425,-2.413177851
mp-1080274,CeSe2,-2.407496653,-2.427915007,-2.41770583
mp-675701,Ca(HoSe2)2,-2.173415179,-2.347989691,-2.260702424
mp-1078132,La2Fe(SeO)2,-2.268554379,-2.114026181,-2.191290272
mp-9295,TaCu3Te4,-2.456953469,-2.922577777,-2.689765404
mp-14091,AlAgSe2,-2.158611058,-2.387979025,-2.273295021
mp-1224376,Ge2SeS,-2.200355686,-2.464593498,-2.332474562
mp-1215701,Zn2InCuTe4,-2.30990643,-2.531845288,-2.420875833
mp-1080281,CeSe2,-2.407496653,-2.427915007,-2.41770583
mp-1025663,MoW2(SeS2)2,-2.44570385,-2.586061912,-2.515882868
mp-1098702,CeSe2,-2.44859304,-2.387205354,-2.417899195
mp-1173121,TbCuSe2,-2.183583116,-2.493839797,-2.338711414
mp-1216570,TmAgTe2,-2.087047894,-2.568168146,-2.327607918
mp-1225547,ErAgTe2,-2.138575305,-2.574230278,-2.356402702
mp-1078419,Na3PSe4,-2.090545407,-2.522216974,-2.306381113
mp-1222145,Mg3MnTe4,-2.197904154,-2.467497711,-2.332700901
mp-22255,RbInTe2,-2.120081242,-2.673096145,-2.396588535
mp-7910,Al2HgTe4,-2.256011843,-2.583229172,-2.41962045
mp-1223815,HoCuSe2,-2.130412923,-2.54794509,-2.339178928
mp-9008,RbTeAu,-1.912007216,-2.332219604,-2.122113362
mp-677241,LuCuSe2,-2.272555665,-2.48971067,-2.381133145
mp-1228963,AlAgSnSe4,-2.307246021,-2.475625973,-2.391435983
mp-1215630,Zn4CdSe4S,-2.281454828,-2.095568076,-2.188511441
mp-1223840,HoAgTe2,-2.081470205,-2.550872192,-2.316171104
mp-8884,ZnTe,-2.247135445,-2.351681907,-2.299408672
mp-1217319,TeW2Se3,-2.329482839,-2.446378855,-2.38793084
mp-2422143,Pd(Se3Br)2,-2.387675662,-2.184057317,-2.285866473
mp-16037,Dy2TeO2,-2.142528858,-2.355538181,-2.249033503
mp-1215907,YAgTe2,-2.181730136,-2.616336533,-2.399033237
mp-1025824,MoW2(SeS2)2,-2.46311849,-2.656653149,-2.559885792
mp-21405,InSe,-2.33225089,-2.063917079,-2.198083961
mp-1023926,Te2W,-2.187761568,-2.559315014,-2.373538224
mp-9254,Al2Te5,-2.17887521,-2.190534792,-2.184705001
mp-2176,ZnTe,-2.313839196,-2.564250552,-2.439044839
mp-1245985,Si2TeN2,-2.400987639,-2.455125784,-2.42805671
mp-1225301,DyAgTe2,-2.134300904,-2.533707938,-2.33400435
mp-16035,Gd2TeO2,-2.388707862,-2.278756125,-2.333731988
mp-675902,YCuSe2,-2.214356826,-2.545290362,-2.379823541
mp-1023935,Te2Mo,-2.125276417,-2.533889219,-2.329582745
mp-571195,ZnTe,-2.29200826,-2.397105468,-2.344556859
mp-675349,DyCuSe2,-2.19730688,-2.537307487,-2.367307128
mp-1224032,In2CuTe3I,-2.218076845,-2.091858846,-2.154967841
mp-1223856,InGa(AgTe2)2,-2.243590678,-2.590441882,-2.417016216
mp-1221485,Mo2SeS3,-2.269403156,-2.624268292,-2.446835652
mp-545482,PdSeO3,-2.378963468,-2.283361329,-2.331162394
mp-1222542,LiIn2CuTe4,-2.252004239,-2.629089315,-2.440546697
mp-610744,Cs2MnTe2,-2.281164518,-2.533135543,-2.407149997
mp-9479,Mg(AlSe2)2,-2.228987387,-2.467962843,-2.348475089
mp-1025787,Mo(WSe3)2,-2.500492526,-2.514276472,-2.507384499
mp-613162,CsSnSe3,-2.403670815,-2.117873845,-2.260772299
mp-1023938,Te2Mo,-2.168445193,-2.565948028,-2.367196535
mp-675180,ErCuSe2,-2.193361991,-2.566947402,-2.380154628
mp-755756,Y2TeO2,-2.170996128,-2.507331674,-2.339163851
mp-1079559,CdPSe3,-2.240426905,-2.534880513,-2.387653666
mp-14092,AlAgTe2,-2.149084661,-2.521997978,-2.335541258
mp-1340,Ga2Se3,-2.364751046,-2.126806495,-2.24577875
mp-1018722,HgSe,-2.243130303,-2.507113473,-2.375121855
mp-1023942,Te2W,-2.241559334,-2.591373828,-2.416466516
mp-1025815,Mo2WSe6,-2.489826892,-2.457443655,-2.473635273
mp-1147776,K3VSe4,-2.227604717,-2.360965386,-2.294285045
mp-13949,Cd(GaTe2)2,-2.224452761,-2.663480464,-2.443966502
mp-10781,RbGdSe2,-2.326891337,-2.454748606,-2.390819963
mp-1080337,CeSe2,-2.391134084,-2.438030878,-2.41458248
mp-1179749,RbCu3GeSe4,-2.360710825,-2.659279658,-2.509995183
mp-1223912,InGaAg2(TeSe)2,-2.15523448,-2.07878582,-2.117010149
mp-35663,Sr(InTe2)2,-2.177761059,-2.664670436,-2.421215618
mp-22473,NaInSe2,-2.201608169,-2.460592218,-2.331100164
mp-8017,AlCuTe2,-2.19838839,-2.498716408,-2.348552358
mp-1206603,RbCrSe2,-2.05542116,-2.595421746,-2.325421325
mp-15777,Zn(GaTe2)2,-2.293377645,-2.604639777,-2.449008656
mp-1025575,Mo(WSe3)2,-2.488657629,-2.446574544,-2.467616085
mp-1023955,MoW(SeS)2,-2.294812091,-2.649846542,-2.47232924
mp-8622,Rb2PtSe2,-2.076669214,-2.322513001,-2.199591088
mp-8361,CsTe,-2.103175804,-2.48768083,-2.295428258
mp-1080249,CeSe2,-2.47790829,-2.598115814,-2.538012042
mp-1218186,SrMnTeO6,-2.435923773,-2.750341434,-2.593132525
mp-27361,Nb(SeCl)2,-2.420655683,-1.920298382,-2.170476956
mp-22607,Zn(InSe2)2,-2.339119812,-2.52636207,-2.432740922
mp-541667,Nb(SeBr)2,-2.327104106,-1.892414829,-2.109759418
mp-8716,K2MnSe2,-2.133902101,-2.258240733,-2.196071412
mp-13287,BaCuTeF,-1.995738553,-2.554128812,-2.27493356
mp-1080313,CeSe2,-2.435435415,-2.435837671,-2.435636543
mp-1025905,Mo2WSe6,-2.500705103,-2.525145586,-2.512925344
mp-8703,Na3SbSe4,-2.104221422,-2.608862127,-2.356541654
mp-19851,KInTe2,-2.143343736,-2.542983306,-2.343163449
mp-11694,Cs2Pd3Se4,-2.421658613,-2.424084203,-2.422871408
mp-961673,TiFeTe,-2.271133657,-2.960866839,-2.615999831
mp-1181964,CaGaCu3Se4,-2.362273099,-2.767892286,-2.565082568
mp-1205627,Nb(SeI)2,-2.403667889,-2.040254493,-2.221961146
mp-569623,Nb(SeBr)2,-2.360556238,-2.091376134,-2.225966162
mp-1080332,CeSe2,-2.490919705,-2.415390775,-2.453155236
mp-1080265,CeSe2,-2.58084545,-2.439169866,-2.510007645
mp-2371,Ga2Te5,-2.296286874,-2.583191757,-2.43973927
mp-1247927,Al2Se3,-2.392485847,-2.561317379,-2.476901595
mp-22304,Cd(InSe2)2,-2.24641397,-2.533540855,-2.389977371
mp-989651,HfTeSe4,-2.264096809,-2.356476545,-2.310286673
mp-1215624,Zn4CdSe5,-2.47793922,-2.445116043,-2.46152763
mp-1217314,TeMo2Se3,-2.244839745,-2.518012855,-2.381426264
mp-1069558,Ce2SeN2,-2.461966382,-2.464771339,-2.46336886
mp-1019322,Te2W,-2.241320867,-2.541159581,-2.391240179
mp-1023941,Te4MoW,-2.229414455,-2.639596191,-2.434505229
mp-8621,K2PtSe2,-2.155231815,-2.304821487,-2.230026644
mp-568146,Pd(Se3Br)2,-2.383210485,-2.190479634,-2.286845045
mp-1079491,LiIn2CuSe4,-2.301908638,-2.513971906,-2.407940249
mp-1025748,Mo2W(Se2S)2,-2.442858204,-2.451867074,-2.447362639
mp-1079034,Zn3CdSe4,-2.352241831,-2.656986968,-2.504614339
mp-1070498,Rb2Te2Pt,-2.031205287,-2.423238363,-2.227221772
mp-7548,BaSe3,-2.16569191,-2.496410816,-2.331051315
mp-1215633,Zn5TeSe4,-2.340534372,-2.320086753,-2.330310562
mp-1080351,CeSe2,-2.574500382,-2.391523776,-2.483012058
mp-1068813,K2Te2Pd,-2.011195904,-2.26608409,-2.138639979
mp-1025584,W3(SeS2)2,-2.477352254,-2.599968747,-2.53866049
mp-991676,NbCu3Te4,-2.330239754,-2.789009423,-2.559624431
mp-4730,Ga2HgSe4,-2.397345007,-2.578484879,-2.487914923
mp-12620,NdSeF,-2.126566716,-3.098706672,-2.612635828
mp-1025879,Mo2W(Se2S)2,-2.458875167,-2.519569004,-2.489222083
mp-1221936,MgMnTe2,-2.171764162,-2.479115397,-2.325439739
mp-1218912,SnSeS,-2.301139634,-2.785001932,-2.543070614
mp-1224000,InGaCuAgTe4,-2.291897591,-2.575512068,-2.433704785
mp-1077942,Rb2TeSe4,-2.085020884,-2.246106233,-2.165563551
mp-861871,SeI2,-2.190195327,-2.415956995,-2.30307614
mp-1097672,Cs2HgTe,-2.103467314,-2.44802235,-2.275744786
mp-1025577,W3(SeS2)2,-2.493476837,-2.667670735,-2.580573763
mp-1215652,Zn4CdSe5,-2.508339911,-2.520461191,-2.514400551
mp-1180842,KCu3GeSe4,-2.427480544,-2.682238331,-2.55485939
mp-12904,HoAgTe2,-2.1576341,-2.438733584,-2.29818381
mp-3551,TbAgTe2,-2.206031915,-2.399296945,-2.302664415
mp-700,GeSe,-2.266024766,-2.325007646,-2.295516205
mp-1215418,ZnIn3AsSe4,-2.380878197,-1.961071489,-2.170974789
mp-12903,YAgTe2,-2.215913312,-2.52230716,-2.369110191
mp-4024,DyAgTe2,-2.210464808,-2.421569339,-2.316017055
mp-12902,ErAgTe2,-2.203806735,-2.462091656,-2.332949167
mp-8016,AlCuSe2,-2.2203287,-2.398849697,-2.309589185
mp-1223667,K2BaSnTe4,-2.141734721,-2.521304504,-2.331519549
mp-1216363,VCu3(SeS)2,-2.142855593,-2.280523723,-2.211689652
mp-1178710,YCu3HgSe4,-2.54515978,-2.625513661,-2.585336716
mp-1228980,AlCuGeSe4,-2.236246193,-2.559571149,-2.397908618
mp-1224848,GaAgSnSe4,-2.338945663,-2.51265662,-2.425801126
mp-1069771,Rb2PdSe2,-1.967459623,-2.282500748,-2.124980158
mp-1217374,Te2MoWSe2,-2.247475782,-2.451717497,-2.349596621
mp-29138,KAuSe2,-2.221777911,-2.494374946,-2.358076394
mp-1223961,InAgTeSe,-2.145128376,-2.160620134,-2.152874255
mp-1080296,CeSe2,-2.58084545,-2.439169866,-2.510007645
mp-1224876,GaAgSnSe4,-2.33638498,-2.51265662,-2.424520783
mp-1228454,Al2ZnSe4,-2.173856938,-2.086508387,-2.13018266
mp-1228984,AlCu(PSe3)2,-2.35201941,-2.521719133,-2.436869256
mp-568032,Cd(InSe2)2,-2.256178619,-2.517406964,-2.386792758
mp-14588,Na2PtSe2,-2.218002707,-2.333856049,-2.275929373
mp-961678,ScCoTe,-2.24497594,-2.834591282,-2.539783359
mp-33985,Ba(InTe2)2,-2.166404735,-2.646587107,-2.4064958
mp-602,Te2Mo,-2.179934284,-2.521009231,-2.350471704
mp-34169,Zn(InSe2)2,-2.347611973,-2.503805855,-2.425708901
mp-1215924,YSbTe3,-2.224819334,-2.750687021,-2.487753001
mp-961660,TiFeSe,-2.313810976,-2.747426326,-2.53061852
mp-1223893,InAgGeSe4,-2.304211979,-2.534209752,-2.419210837
mp-20261,Mn(GaSe2)2,-2.303288785,-2.458548011,-2.380918386
mp-8936,SnSe,-2.288461544,-2.517212453,-2.402836972
mp-1215531,Zn3CdSe4,-2.244275647,-2.296866127,-2.270570886
mp-1218986,SmSbTe3,-2.206706989,-2.752846036,-2.479776325
mp-1078600,TmAgTe2,-2.156075057,-2.456029528,-2.306052255
mp-21374,Cd(InTe2)2,-2.213810053,-2.623413173,-2.418611523
mp-1225550,DySbTe3,-2.191356387,-2.733804782,-2.462580406
mp-1069706,K2PdSe2,-2.065035781,-2.249388879,-2.15721232
mp-28051,SbTeI,-2.102240746,-2.212853301,-2.15754702
mp-1018806,MoSeS,-2.156943563,-2.310883517,-2.233913532
mp-10618,LiInSe2,-2.246982893,-2.449440383,-2.34821162
mp-1217371,Te3Mo2Se,-2.224892969,-2.621948022,-2.423420409
mp-20832,Zn(InTe2)2,-2.284169647,-2.574908338,-2.429538946
mp-1222357,LiGe3SbTe5,-2.432366748,-2.673260912,-2.552813788
mp-20420,KGdTe2,-2.27832641,-2.473573973,-2.375950173
mp-8360,RbTe,-1.947935054,-2.348489286,-2.148212124
mp-1181990,CdInCu3Se4,-2.480488111,-2.628381144,-2.554434612
mp-1179516,ScCu3HgSe4,-2.618853313,-2.684248689,-2.651550997
mp-861891,SeBr2,-2.236240467,-2.445769287,-2.341004857
mp-1222311,LiGeSbTe3,-2.186008359,-2.664128774,-2.425068441
mp-1219035,Sn4Te3Se,-2.329296289,-2.724859796,-2.527077935
mp-1017510,MgTe,-2.144188111,-2.538346313,-2.341267143
mp-8234,BaTe3,-2.177408264,-2.652904397,-2.415156209
mp-1179135,ScZnCu3Se4,-2.537404043,-2.68711161,-2.612257808
mp-21855,VCu3Se4,-2.308785227,-2.595237736,-2.452011434
mp-1179003,SrYCu3Se4,-2.449541074,-2.694734958,-2.572137971
mp-1223207,KZnCuTe2,-2.15234635,-2.463270725,-2.307808498
mp-1023929,WSeS,-2.238213458,-2.553636968,-2.395925163
mp-938,GeTe,-2.148429097,-2.646064005,-2.397246423
mp-1444174,CeSe2,-2.5382355,-2.55350516,-2.54587033
mp-1093874,Cs2HgSe,-2.1281643,-2.388301096,-2.258232673
mp-1025948,Mo2W(SeS2)2,-2.478236551,-2.661388671,-2.569812586
mp-8623,K2Te2Pt,-2.044299182,-2.329707525,-2.187003328
mp-1217293,TeMoSe,-2.171800471,-2.44655146,-2.309175934
mp-569766,TeI,-2.280962318,-2.252281136,-2.266621727
mp-1100412,TiTeRu,-2.198236179,-2.829290956,-2.513763294
mp-10009,GaTe,-2.364807427,-2.397974353,-2.381390889
mp-1025941,Mo2W(SeS2)2,-2.478236551,-2.661388671,-2.569812586
mp-1224856,Ga2Ag2SeS3,-2.153759486,-2.364336556,-2.259048005
mp-1080251,CeSe2,-2.434985779,-2.593267905,-2.514126825
mp-3332,NaCrSe2,-2.136275887,-2.375223472,-2.255749659
mp-22945,TeRhCl,-2.201518992,-2.150466582,-2.175992786
mp-1147551,KCuTeO6,-2.357041114,-2.814096384,-2.585568583
mp-1228925,AlCdSbTe,-2.066474446,-2.390404471,-2.228439422
mp-1025925,Mo3(SeS2)2,-2.429636429,-2.498545294,-2.464090859
mp-2600,BaTe,-1.981009122,-2.899650217,-2.440329156
mp-568661,Cd(InSe2)2,-2.28431682,-2.510984639,-2.397650704
mp-971837,ZnCdTe2,-2.311295952,-2.481831239,-2.396563581
mp-1026023,Mo2W(SeS2)2,-2.478161489,-2.661388671,-2.569775055
mp-1217461,Te4As2I2O,-2.301963633,-2.082069232,-2.192016417
mp-557510,Cu3TeS3Cl,-2.286914412,-2.645592837,-2.466253547
mp-1178173,Ho2TeO2,-2.063336535,-2.355269414,-2.209302946
mp-1224282,HfSeS,-2.212768281,-2.640530221,-2.42664915
mp-1178645,ZnInCu3Se4,-2.540631076,-2.630391454,-2.585511259
mp-1078724,LiAsSe2,-2.11082992,-2.118769736,-2.114799828
mp-1229038,AlGaCu2(SeS)2,-2.184582945,-2.302311478,-2.243447207
mp-1218835,SnGeSe2,-2.332850773,-2.392760771,-2.36280577
mp-7449,Cs2Se3,-2.354342281,-2.355826155,-2.355084218
mp-1080348,CeSe2,-2.419747924,-2.265716235,-2.342732069
mp-862773,TeI2,-2.229325878,-2.578062945,-2.403694349
mp-1080294,CeSe2,-2.439407004,-2.287628691,-2.363517837
mp-1224851,GaCuGeSe4,-2.286689477,-2.562294018,-2.424491707
mp-1023927,Te2MoWSe2,-2.242010004,-2.459263446,-2.350636703
mp-1025496,LiNbSe2,-2.279368246,-2.298610593,-2.288989419
mp-1221515,MnZn4Se5,-2.438012706,-2.009437598,-2.223725089
mp-13339,EuCuTeF,-2.165304667,-2.482267793,-2.323786187
mp-1223888,InAgSnSe4,-2.359963936,-2.495292562,-2.427628239
mp-1025656,MoW2(Se2S)2,-2.45884707,-2.507736094,-2.48329158
mp-1237669,CeSe2,-2.539781163,-2.436625447,-2.488203299
mp-1017534,ZnCdSe2,-2.178825209,-2.465192095,-2.322008617
mp-1025740,MoW2(Se2S)2,-2.457400431,-2.515282044,-2.486341235
mp-1025588,W3(Se2S)2,-2.437341939,-2.439255348,-2.438298643
mp-1219000,Sn4TeSe3,-2.281552609,-2.310869833,-2.296211221
mp-1080346,CeSe2,-2.539781163,-2.436625447,-2.488203299
mp-1025816,MoW2(Se2S)2,-2.45884707,-2.507736094,-2.48329158
mp-1219343,ScCuSe2,-2.298458805,-2.041415742,-2.169937253
mp-1226934,Cd2SeS,-2.027240345,-2.387331829,-2.207286044
mp-1217322,TeSe,-2.191415864,-2.030479677,-2.110947764
mp-723393,Te(NCl3)2,-2.567469365,-2.736372687,-2.651921
mp-1181597,CsCu3GeSe4,-2.580756214,-2.757506592,-2.669131373
mp-665,SnSe2,-2.319136365,-2.522139185,-2.420637753
mp-1172873,GeTe,-2.173430798,-2.624641912,-2.39903625
mp-1226281,CrAg(PSe3)2,-2.307964787,-2.173901528,-2.240933151
mp-1080691,Rb2SnHgTe4,-2.213817128,-2.630446962,-2.422131951
mp-1025599,W3(Se2S)2,-2.453358901,-2.506957273,-2.480158086
mp-675376,HoAgSe2,-2.12221939,-2.209677518,-2.165948452
mp-1245618,Ge2TeN2,-2.435200681,-2.51266198,-2.473931327
mp-1215451,ZnCdSe2,-2.189002982,-2.533952386,-2.361477628
mp-7940,KNbSe2,-2.246635345,-2.314138226,-2.280386784
mp-677072,Ca(InTe2)2,-2.229488196,-2.718152584,-2.473820243
mp-1247924,Al2Te3,-2.376623575,-2.577880345,-2.477251935
mp-7447,Rb2Se3,-2.166007977,-2.264509971,-2.215258971
mp-1023953,MoSeS,-2.194916266,-2.504853923,-2.349885051
mp-12908,ScAgSe2,-2.265123513,-2.545595013,-2.405359223
mp-961663,SrTePd,-2.083224737,-2.647206521,-2.365215475
mp-863764,TeBr2,-2.274859891,-2.462255913,-2.368557885
mp-1080248,CeSe2,-2.458183138,-2.278280806,-2.368231957
mp-2072,KTe,-2.066361344,-2.433947862,-2.250154554
mp-22691,InSe,-2.230154795,-2.478689875,-2.354422307
mp-12953,TmAgTe2,-2.083008743,-2.543633859,-2.313321211
mp-1025573,Te2W,-2.456528897,-2.515055582,-2.485792237
mp-1225521,ErCuTe2,-2.163003286,-2.670270826,-2.416636916
mp-16337,Ga2HgTe4,-2.352533578,-2.634057069,-2.493295274
mp-1220883,NaSbTe2,-2.122065147,-2.566889228,-2.344477097
mp-1215406,ZnCdTe2,-2.216656409,-2.584258425,-2.400457347
mp-1220704,NaLaSe2,-2.207735084,-2.463035621,-2.335385324
mp-1018752,LaTeCl,-2.172902156,-2.480782575,-2.326842325
mp-1227408,Ca(LuTe2)2,-2.263424632,-2.37268774,-2.318056181
mp-1079260,InSe,-2.378513873,-2.403928999,-2.391221436
mp-1215486,ZnCdSe2,-2.18913378,-2.533952386,-2.361543027
mp-1178355,Er2TeO2,-2.096046498,-2.386368426,-2.241207432
mp-1217269,TeSe2,-2.189385585,-2.207707191,-2.198546388
mp-1218960,Sn2SeS,-2.199552039,-2.499398006,-2.349474981
mp-1216671,TmCuTe2,-2.110377859,-2.665589937,-2.387983741
mp-1224210,InCuGeSe4,-2.333462636,-2.555406822,-2.444434701
mp-7670,K2Se3,-2.174270498,-2.193759755,-2.184015126
mp-22483,NaInTe2,-2.204538615,-2.637934219,-2.421236315
mp-1206353,Zn2GaAgSe4,-2.366106218,-2.498077188,-2.432091694
mp-1226296,CrCu(PSe3)2,-2.258599154,-2.208063355,-2.233331253
mp-1219312,ScCuSe2,-2.280553775,-2.430909677,-2.355731716
mp-38970,Ga2Te3,-2.420796981,-2.193797941,-2.30729744
mp-1220879,NaSbSe2,-2.149116364,-2.476204972,-2.312660623
mp-1226783,Cd4Te3Se,-2.117024041,-2.195751805,-2.156387921
mp-20731,In2HgSe4,-2.402899868,-2.536362075,-2.469630961
mp-1224845,GaAgSeS,-2.104004471,-2.375977967,-2.239991193
mp-7434,NaCuTe,-2.057300946,-2.37495137,-2.216126124
mp-961695,LaCoTe,-2.186547195,-2.702299137,-2.444423012
mp-1392664,HoAgSe2,-2.127902318,-2.325507204,-2.226704748
mp-1078597,ZnCd3Se4,-2.303114064,-2.479088438,-2.391101236
mp-1078751,Na2PdSe2,-2.096285999,-2.1686975,-2.132491748
mp-1219395,Sc2Se3,-2.267233066,-2.296096003,-2.281664535
mp-1025678,Te6MoW2,-2.439420701,-2.556986624,-2.498203654
mp-1025576,Te2Mo,-2.393695929,-2.489629794,-2.441662856
mp-1223855,K2SnHgTe4,-2.232674971,-2.509040304,-2.370857601
mp-1225283,DyCuTe2,-2.15268545,-2.644192435,-2.398438817
mp-1080328,CeSe2,-2.409602085,-2.271166878,-2.340384473
mp-1227395,Ca(TmTe2)2,-2.211331469,-2.47079241,-2.34106191
mp-1079069,La2Mn2Se2O3,-2.391490729,-2.546768349,-2.469129525
mp-1115,PtSe2,-2.270247674,-2.554449859,-2.412348724
mp-12779,CdTe,-2.109437694,-2.262880304,-2.186158992
mp-1224202,In2CuTe3Cl,-2.264638322,-2.053859034,-2.159248665
mp-1227387,Ca(ErTe2)2,-2.21056471,-2.468635183,-2.339599917
mp-7547,BaSe2,-2.120439248,-2.171546274,-2.14599276
mp-14336,Cs2Ni3Se4,-2.384220631,-2.402507058,-2.393363844
mp-1218953,SnGe4Te4Se,-2.520969437,-2.649001265,-2.584985339
mp-1011697,Cs2Se,-2.213031338,-2.716667126,-2.464849079
mp-1025649,Te6Mo2W,-2.420857141,-2.51050277,-2.46567995
mp-1178172,Ho2TeO2,-2.258082521,-2.363762146,-2.310922329
mp-1227380,Ca(YTe2)2,-2.17678342,-2.370356409,-2.2735699
mp-1029330,Hf2SeN2,-2.208709669,-2.512438295,-2.360573939
mp-1224820,GaAgSeS,-2.092348931,-2.29794475,-2.195146827
mp-1227385,Ca(HoTe2)2,-2.099085751,-2.44963288,-2.274359269
mp-1100868,YCuTe2,-2.183756084,-2.674662682,-2.429209249
mp-7436,KCuTe,-2.059396304,-2.47043479,-2.264915483
mp-1078443,As2Se3,-2.331157267,-2.175953226,-2.253555238
mp-756134,ZrSeO,-2.738803845,-2.803977491,-2.771390663
mp-1224418,Hf2(SeS)3,-2.280628906,-2.35600534,-2.31831712
mp-1207092,GdHSe,-2.283567196,-2.365611306,-2.324589248
mp-1215501,ZnCdSeS,-2.127887418,-2.526608685,-2.327247982
mp-1026351,Te6MoW2,-2.431817703,-2.489284681,-2.46055119
mp-1025819,Mo3(Se2S)2,-2.358872444,-2.34707364,-2.352973042
mp-1237086,Na3AlSiTe4,-2.217304293,-1.987838295,-2.102571281
mp-1247838,Al2Se3,-2.329983309,-1.975785704,-2.15288447
mp-1025896,Mo2W(SeS2)2,-2.45496109,-2.593686685,-2.524323874
mp-1227401,Ca(DyTe2)2,-2.159468411,-2.43384489,-2.29665662
mp-1221314,Na3AlSiTe4,-2.217304293,-1.987838295,-2.102571281
mp-406,CdTe,-2.072822424,-2.55579252,-2.314307373
mp-672302,Ga2Se3,-2.459410421,-2.132174848,-2.295792591
mp-768908,Ho2TeO2,-2.0426739,-2.398657837,-2.220665826
mp-1173103,TbCuTe2,-2.149181008,-2.585674202,-2.367427514
mp-1215445,ZnGaAsSe,-2.22416246,-2.448495769,-2.336329092
mp-1224103,In2CuTe3Br,-2.268020009,-2.080797371,-2.174408679
mp-1025629,Te6Mo2W,-2.428573899,-2.57820472,-2.503389295
mp-991652,VCu3Te4,-2.381085398,-2.791911232,-2.586498181
mp-1221667,MnCd3Te4,-2.15801994,-2.343523211,-2.250771563
mp-1070,CdSe,-2.084332908,-2.094828511,-2.08958071
mp-1025917,MoW2(SeS2)2,-2.441073207,-2.656653149,-2.548863144
mp-1080295,CeSe2,-2.43784039,-2.419738359,-2.428789374
mp-1070356,Rb2Te2Pd,-1.947913005,-2.398793773,-2.173353327
mp-546684,PdSeO3,-2.374701591,-2.288883271,-2.331792428
mp-1180995,InCu3HgSe4,-2.539206297,-2.654126631,-2.596666454
mp-1226849,CdIn3Te4As,-2.348539253,-2.092783279,-2.220661244
mp-1226820,Cd5TeS4,-2.09305538,-2.30649068,-2.199773016
mp-1025906,Mo3(Se2S)2,-2.374817029,-2.414775538,-2.394796283
mp-1025988,Mo3(SeS2)2,-2.445056884,-2.56624724,-2.505652052
mp-1025934,Mo2W(SeS2)2,-2.471085671,-2.661388671,-2.566237144
mp-1025716,MoW2(SeS2)2,-2.441073207,-2.656653149,-2.548863144
mp-1215215,ZrSeS,-2.721727702,-2.998278499,-2.860002988
mp-1078664,Pr2Mn2Se2O3,-2.386404732,-2.546467902,-2.466436302
mp-1232332,ZnCu2SiSe4,-2.263316597,-2.459394227,-2.361355394
mp-1215565,Zn2GaCuTe4,-2.373492003,-2.563706129,-2.468599044
mp-1229027,AlCuSnSe4,-2.336106247,-2.512281211,-2.424193713
mp-1025919,MoW2(SeS2)2,-2.441073207,-2.656653149,-2.548863144
mp-1216381,VCu3(TeSe)2,-2.208088152,-2.312079096,-2.26008362
mp-571550,Sb2TeSe2,-2.219708333,-2.572359069,-2.396033638
mp-754469,Er2TeO2,-2.309036162,-2.408770071,-2.358903112
mp-684690,Sc2Se3,-2.432136707,-2.061334742,-2.246735675
mp-570268,MnSbSe2I,-2.404193097,-2.02320016,-2.21369658
mp-1215597,Zr2(SeS)3,-2.858094456,-2.757069699,-2.807582064
mp-985831,HfSe2,-2.23973666,-2.575941518,-2.40783903
mp-1080260,CeSe2,-2.481908257,-2.415390775,-2.448649513
mp-1178804,VCu3HgSe4,-2.563431668,-2.600473233,-2.581952449
mp-19765,In2HgTe4,-2.334934672,-2.666624399,-2.500779465
mp-38117,Ba(GaTe2)2,-2.196815971,-2.674628062,-2.435721888
mp-505634,Cs2Te3,-2.310297489,-2.557558716,-2.433928069
mp-1221733,MnCd4Te5,-2.379079641,-2.367105604,-2.373092622
mp-567931,InSiTe3,-2.37598385,-2.609418274,-2.492701027
mp-691,SnSe,-2.380425459,-2.314172616,-2.347299036
mp-676284,YAgSe2,-2.17558778,-2.143223933,-2.159405856
mp-573321,TePdI2,-2.218299017,-2.076775842,-2.147537424
mp-1215513,Zn2TeSe,-2.244193165,-2.44222473,-2.34320893
mp-567313,Te,-2.2341561,-2.626181639,-2.430168785
mp-1224809,Ga2Se3,-2.231755285,-2.370794927,-2.301275098
mp-2691,CdSe,-2.052543482,-2.351809704,-2.202176564
mp-1206723,HoCuSe2,-2.148927955,-2.53711799,-2.343022904
mp-1228926,AlIn(AgSe2)2,-2.249275992,-2.503958204,-2.376617067
mp-1216358,VCu3Te3Se,-2.351680766,-2.52880745,-2.440244091
mp-936760,HoAgSe2,-2.181403315,-2.453567664,-2.317485458
mp-7939,NaNbSe2,-2.295617012,-2.30034709,-2.297982051
mp-1080279,CeSe2,-2.399937519,-2.411516019,-2.405726769
mp-1080280,CeSe2,-2.401898866,-2.283430207,-2.34266453
mp-13327,NdLuSe3,-2.487065306,-2.889274464,-2.688169723
mp-1147589,Ba2CuSeO2,-2.047340496,-2.357456307,-2.20239837
mp-15668,NaSe,-2.018080261,-2.393044681,-2.205562425
mp-13326,PrLuSe3,-2.491755208,-2.24903496,-2.370395056
mp-1040452,CeSe2,-2.401898866,-2.283430207,-2.34266453
mp-1224081,In2CuSe3Br,-2.29823097,-2.029133503,-2.163682215
mp-1079276,LiAsSe2,-2.107324221,-2.113745783,-2.110535002
mp-754834,Er2TeO2,-2.096262591,-2.448396532,-2.272329514
mp-8612,Sb2TeSe2,-2.234573904,-2.604346968,-2.419460363
mp-2168,SnSe,-2.259503978,-2.368122509,-2.313813239
mp-1023943,TeWSe,-2.224209018,-2.394774361,-2.309491677
mp-1219475,Sb2Te2Se,-2.180694703,-2.591956929,-2.386325731
mp-16236,KAgSe,-1.94133812,-2.286856395,-2.114097226
mp-358,HgTe,-2.259261907,-2.641373985,-2.450317862
mp-1023930,MoW(SeS)2,-2.30090774,-2.668326318,-2.484616945
mp-1095026,DyAgSe2,-2.212993688,-2.434740465,-2.323867055
mp-1079429,HoAgSe2,-2.160385981,-2.467591839,-2.31398887
mp-1173050,Nb2SiTe4,-2.146861428,-2.055202535,-2.101031979
mp-1219720,PtSeS,-2.208964591,-2.562168063,-2.385566266
mp-10653,SrTe,-2.036352939,-2.755637111,-2.395994751
mp-979271,TbAgSe2,-2.20507551,-2.425059721,-2.315067595
mp-1023948,TeMoSe,-2.161892929,-2.482561518,-2.32222718
mp-1179860,NaCu3SnSe4,-2.491912596,-2.651274718,-2.571593638
mp-1080350,CeSe2,-2.515344778,-1.920934366,-2.21813945
mp-1223909,In2AgTe3I,-2.281275993,-2.185485425,-2.233380706
mp-20485,InSe,-2.366671791,-2.402224685,-2.384448238
mp-1224872,GaCuSeS,-2.185596744,-2.43108846,-2.308342577
mp-1220978,NaMnCuSe2,-2.175558284,-2.54273434,-2.359146249
mp-1226811,Cd4Te3Se,-2.211537281,-2.278662668,-2.245099973
mp-1215542,Zn2GaCuSe4,-2.325064194,-2.489107541,-2.407085854
mp-1008524,BeSe,-2.200758757,-2.469492748,-2.335125721
mp-1078410,Ba2ZnTeO6,-2.414424555,-2.897701393,-2.656062755
mp-628773,SnSe,-2.275113823,-2.37540006,-2.325256937
mp-1101266,Tm2TeO2,-2.321918239,-2.379144004,-2.35053112
mp-961646,TiTeOs,-2.167552021,-2.864073285,-2.515812315
mp-1228950,AlGa(CuSe2)2,-2.260704477,-2.53877681,-2.399740604
mp-1222200,Mg(InSe2)2,-2.319725164,-2.51724127,-2.418483197
mp-1025733,Te4Mo3Se2,-2.435849831,-2.551860771,-2.493855293
mp-3167,Hg2GeSe4,-2.397017161,-2.490659893,-2.443838522
mp-484,Te3As2,-2.367200526,-2.230662952,-2.298931732
mp-1008786,MgTe,-2.125733694,-2.825127772,-2.475430422
mp-3532,CrAgSe2,-2.113277537,-2.537568382,-2.325422881
mp-1226952,Cd2TeSe,-2.082026817,-2.239562046,-2.160794424
mp-1018941,PrTeCl,-2.129327302,-2.405243504,-2.267285374
mp-12621,NdTeF,-2.10558005,-3.102480981,-2.604029619
mp-1025866,Mo2W(Se2S)2,-2.468486494,-2.530948183,-2.499717336
mp-1400848,TeO3,-2.303104661,-2.599807135,-2.451455847
mp-1224922,GaCuSnSe4,-2.369251076,-2.576859868,-2.473055446
mp-1224356,Ge5Te4Se,-2.421218425,-2.706556886,-2.563887595
mp-1217334,TeMo2S3,-2.246411242,-2.670271792,-2.458341411
mp-1018818,NdTeCl,-2.104830908,-3.117558027,-2.611193523
mp-754827,Tm2TeO2,-2.132183142,-2.413943047,-2.273063064
mp-14791,Ge2Te5As2,-2.480172704,-2.703513157,-2.591842891
mp-33882,ErAgSe2,-2.262941257,-2.484044558,-2.373492884
mp-1224864,Ga2Ag2Se3S,-2.193568135,-2.154085429,-2.173826782
mp-2612,GeTe,-2.170320683,-2.786211228,-2.478265716
mp-1221520,MnZnCdTe3,-2.200803004,-2.474294148,-2.337548543
mp-1025589,MoW2(Se2S)2,-2.47016064,-2.454150999,-2.462155819
mp-1025675,Te4Mo2WSe2,-2.459596921,-2.415307213,-2.437452066
mp-1221650,MnCdTe2,-2.196116692,-2.605889858,-2.401003188
mp-1683,ZrSe3,-2.935496207,-2.613840757,-2.774668356
mp-1100873,YAgSe2,-2.231740825,-1.937180711,-2.084460747
mp-1219030,Sn4GeTe4Se,-2.543239797,-2.681152953,-2.612196359
mp-1221664,MnCd2Te3,-2.220240479,-2.488233505,-2.354236959
mp-34489,LiInSe2,-2.364045544,-2.383517653,-2.373781598
mp-1025946,Mo2W(Se2S)2,-2.49331404,-2.530948183,-2.512131111
mp-1025841,Mo2W(Se2S)2,-2.49331404,-2.530948183,-2.512131111
mp-1206626,HoCuTe2,-2.140997562,-2.643747453,-2.392372378
mp-1206615,LuCuTe2,-2.266103828,-2.621399602,-2.443751644
mp-1095937,Rb2HgSe,-1.97674412,-2.344871829,-2.160807935
mp-1147703,Sr2CuTeO2,-2.059141729,-2.345023618,-2.202082647
mp-1100405,ScTeRh,-2.220450765,-2.770252211,-2.495351291
mp-550437,GdTe2ClO5,-2.693157131,-2.676947946,-2.685052538
mp-760,FeSe2,-2.268142805,-2.30487547,-2.286509137
mp-1226768,Cd4TeSe3,-2.134428926,-2.143901781,-2.139165354
mp-10437,Ba(CuSe)2,-2.147454805,-2.452321532,-2.299888131
mp-1226846,Cd5Te4S,-2.212942829,-2.231218264,-2.222080546
mp-1026356,Te4W3Se2,-2.502296288,-2.410145218,-2.456220748
mp-937836,YAgSe2,-2.273868339,-2.44481503,-2.359341671
mp-2458827,TePdI2,-2.266534665,-2.070353526,-2.168444084
mp-1025870,MoW2(Se2S)2,-2.486177605,-2.521852929,-2.504015266
mp-1025682,Te4Mo(WSe)2,-2.461695211,-2.462249138,-2.461972175
mp-1224873,Ga2Te3,-2.240725918,-2.26832544,-2.254525679
mp-1207306,Y2Te3,-2.250722912,-2.614649485,-2.432686125
mp-1080305,CeSe2,-2.455681645,-2.461731854,-2.45870675
mp-14790,Ge(Te2As)2,-2.40046098,-2.685489912,-2.542975388
mp-1224129,InCuSnSe4,-2.39002863,-2.547623637,-2.468826119
mp-1221976,MgMn3Te4,-2.254005917,-2.478621904,-2.366313887
mp-1025664,Te4Mo2WSe2,-2.471381989,-2.483009131,-2.47719556
mp-2150,BaTe2,-2.176165614,-2.675212232,-2.425688786
mp-1227008,Cd2GaCuTe4,-2.275880998,-2.566310979,-2.421095943
mp-1147751,Ba2CuTeO2,-1.99774338,-2.318635042,-2.15818918
mp-1224839,Ga2HgTe4,-2.382112372,-2.62048331,-2.501297804
mp-1227053,CaMnSe2,-2.242378933,-2.489225246,-2.365802061
mp-1221979,Mn(InTe2)2,-2.367746962,-2.598537003,-2.48314195
mp-1026350,Te4W3Se2,-2.514081358,-2.46893149,-2.491506423
mp-1147648,Sr2CoSeO2,-2.140822041,-2.35981843,-2.250320218
mp-1025732,Te4Mo(WSe)2,-2.461333456,-2.462249138,-2.461791297
mp-1206396,TmCuTe2,-2.149920073,-2.661043416,-2.405481607
mp-1079726,Zr2SeN2,-2.879566579,-2.776123347,-2.827844949
mp-1224326,Ge3Te2Se,-2.300193045,-2.754798882,-2.52749582
mp-1222277,LiSbSe2,-2.153320471,-2.27582748,-2.21457397
mp-2076,ZrSe2,-2.888685732,-2.83137543,-2.860030576
mp-1025315,Mn(AlTe2)2,-2.264387645,-2.484338078,-2.374362838
mp-1025598,Te4Mo(WSe)2,-2.461333456,-2.462249138,-2.461791297
mp-1025956,Te2Mo2W(SeS)2,-2.393642098,-2.567699315,-2.480670688
mp-29643,CuAsSe2,-2.196451755,-2.573407437,-2.384929525
mp-9281,ZnTe,-2.4063121,-2.341582833,-2.373947464
mp-1246872,Cd(HgTe2)2,-2.354834775,-2.580294058,-2.467564386
mp-15622,HfSe3,-2.363936097,-2.224722254,-2.294329168
mp-1029337,Zr2SeN2,-2.731495778,-2.821900673,-2.776698216
mp-1180689,KVCu3Se4,-2.510004557,-2.693878785,-2.601941644
mp-1023945,Te2MoWSe2,-2.285580557,-2.465834329,-2.375707427
mp-1206650,ErCuTe2,-2.203798695,-2.678580157,-2.441189297
mp-1226959,Cd2InAgTe4,-2.241581465,-2.465116331,-2.353348875
mp-1087540,CdCu2SiTe4,-2.2735725,-2.552352452,-2.412962435
mp-1232397,ZnCu2SiSe4,-2.288601034,-2.445820481,-2.367210746
mp-1180113,NaVCu3Se4,-2.463691816,-2.701047403,-2.582369566
mp-1179694,RbVCu3Se4,-2.438788224,-2.694841951,-2.566815039
mp-1071319,ZnTe,-2.400875019,-2.380313272,-2.390594145
mp-1215800,Zn(WSe2)2,-2.439333929,-2.446656704,-2.442995316
mp-2240378,MgCu3TeS3Cl,-2.379310364,-2.589914254,-2.484612282
mp-1224375,Ge2Sb2Te5,-2.470265714,-2.680159002,-2.575212324
mp-267,Te2Ru,-2.203027708,-2.447412927,-2.325220292
mp-1096184,Rb2HgTe,-1.956087136,-2.402906231,-2.179496621
mp-33880,Sr(GaTe2)2,-2.212797466,-2.691970509,-2.452383853
mp-1071269,HgTe,-2.288111192,-2.641373985,-2.464742514
mp-1181592,CsVCu3Se4,-2.622959744,-2.750359977,-2.686659844
mp-10955,Sn(HgSe2)2,-2.438866118,-2.5295367,-2.484201404
mp-1224175,In3CuSe5,-2.448484375,-2.009944568,-2.229214405
mp-1221503,MnZnSe2,-2.29143548,-2.459546775,-2.375491113
mp-2793,AuSe,-2.219648517,-2.22902076,-2.224334639
mp-1078002,Mn(GaSe2)2,-2.333709869,-2.444974265,-2.389342061
mp-545344,NdTe2ClO5,-2.425709029,-2.702671684,-2.564190299
mp-1093705,K2HgSe,-2.037339417,-2.243111478,-2.140225436
mp-27947,Sn(SbTe2)2,-2.398943948,-2.635239373,-2.517091624
mp-1219473,Sb4(TeSe)3,-2.324949928,-2.253138459,-2.289044192
mp-5518,GaAgSe2,-2.314330199,-2.519823294,-2.417076724
mp-1246047,TeCN2,-2.177156388,-2.402810578,-2.289983463
mp-1224336,Ge2TeSe,-2.263974218,-2.754763414,-2.509368655
mp-1224853,GaAgTeSe,-2.192700552,-2.195855814,-2.194278183
mp-1221510,MnZn4Se5,-2.537816852,-2.434025032,-2.485920935
mp-1206648,TbCuTe2,-2.192037784,-2.602254071,-2.397145841
mp-1221500,MnZnSe2,-2.30085982,-2.459546775,-2.380203285
mp-1224350,Ge(SbTe2)2,-2.375673335,-2.674425564,-2.525049389
mp-1225840,CuAgSe,-2.122938921,-2.330043145,-2.226491018
mp-1215816,Zn2InCuSe4,-2.423852176,-2.475766826,-2.449809499
mp-1229046,AlIn(CuSe2)2,-2.366275235,-2.51297304,-2.439624126
mp-1179336,SnSe,-2.405435668,-2.320594936,-2.363015298
mp-1224849,Ga2Ag2TeSe3,-2.204860258,-2.14147414,-2.173167198
mp-31002,Rb2Te5,-2.132487644,-2.289631309,-2.211059468
mp-1120787,ZrTeSe,-2.809586411,-2.955731454,-2.8826589
mp-1225508,Er2Se3,-2.248388061,-2.507178939,-2.377783468
mp-1026349,Te2W3Se4,-2.527683941,-2.331224949,-2.429454424
mp-1219732,Pt4SeS3,-2.201529135,-2.458238503,-2.32988379
mp-37480,LiSbSe2,-2.289405937,-2.286364715,-2.287885326
mp-1215404,ZrMn(CuSe2)2,-2.969060997,-2.655253804,-2.81215727
mp-2223655,MgTe2MoW2(SeS)2,-2.382463865,-2.513279772,-2.447871809
mp-6252,Sr2CuTeO6,-2.283634991,-2.681310485,-2.482472639
mp-1025891,Te4Mo2WS2,-2.44839425,-2.605610641,-2.527002429
mp-1100393,LiAgSe,-2.077933229,-2.480665267,-2.279299185
mp-1206350,K2Te2Pd,-2.04524239,-2.302163401,-2.173702876
mp-3839,GaCuTe2,-2.361010562,-2.604706981,-2.482858735
mp-1221646,MnCdSe2,-2.15547593,-2.484160722,-2.31981828
mp-1222395,LiAsSe2,-2.153211815,-2.406544719,-2.279878242
mp-1226939,Cd2TeSe,-2.117118744,-2.27458601,-2.195852369
mp-998350,BaZrSe3,-2.947053504,-2.473241545,-2.710147287
mp-10164,NaGaTe2,-2.252666675,-2.531619971,-2.392143284
mp-1224020,In3AsSe3,-2.333597615,-2.148956181,-2.241276886
mp-4899,GaAgTe2,-2.317479652,-2.569457183,-2.443468382
mp-1224348,Ge(SbTe2)2,-2.375274571,-2.674425564,-2.524850006
mp-1078456,K2Se2N,-2.182959718,-1.990019778,-2.086489739
mp-1226940,Cd2TeSe,-2.117118744,-2.27458601,-2.195852369
mp-1222273,LiYSe2,-2.245457977,-2.329358247,-2.287408109
mp-1224400,InCuSeS,-2.267551597,-2.395237314,-2.331394448
mp-1025685,Te4Mo3Se2,-2.450744884,-2.484158831,-2.467451857
mp-1025910,Te4Mo2WS2,-2.44839425,-2.605610641,-2.527002429
mp-1224050,InGa(CuTe2)2,-2.364624657,-2.625531074,-2.495077822
mp-1224840,Ga2Te3,-2.228026819,-2.433553891,-2.330790337
mp-1224181,In2CuSe3I,-2.32746121,-2.167075976,-2.247268584
mp-1221743,Mn3CdTe4,-2.274236528,-2.599140018,-2.436688214
mp-1227025,Cd2InCuTe4,-2.265998506,-2.521504386,-2.393751413
mp-7435,KCuSe,-2.088384625,-2.329736058,-2.209060322
mp-1222285,LiSbTe2,-2.119100899,-2.488760543,-2.303930664
mp-1221353,Na2EuGeSe4,-2.349681454,-2.500432084,-2.425056757
mp-1025574,Te2Mo(WSe2)2,-2.518811699,-2.333766119,-2.42628889
mp-1215084,Ag3SbTe6,-2.36501789,-2.352800022,-2.358908956
mp-1080268,CeSe2,-2.441517675,-2.421372068,-2.431444871
mp-1215677,Zn(MoSe2)2,-2.335050414,-2.517474613,-2.426262496
mp-8211,GaGeTe,-2.25541149,-2.543798394,-2.3996049
mp-1224051,In5SnSb3Te,-2.303055507,-2.132444365,-2.217749926
mp-1222292,LiErSe2,-2.251153401,-2.550296225,-2.400724767
mp-1206272,TaSe6,-2.498710456,-2.442774119,-2.470742286
mp-1223900,InAgSeS,-2.15575222,-2.351746433,-2.253749313
mp-1078498,ZnCu2SiTe4,-2.335910838,-2.533161732,-2.434536264
mp-1206225,Tb2Te3,-2.189007529,-2.63838462,-2.413695967
mp-1025937,Te4Mo3S2,-2.384986199,-2.612243429,-2.498614781
mp-1080459,GeTe,-2.342011566,-2.425946842,-2.383979201
mp-1232259,CeMgSe3,-2.725817617,-2.080247818,-2.403032495
mp-1206986,Lu2Te3,-2.239279282,-2.524941989,-2.382110595
mp-1098706,CeSe2,-2.445473786,-2.40505836,-2.425266072
mp-2223605,MgTe4Mo2WS2,-2.455802382,-2.552839322,-2.504320846
mp-1182239,BaCu3NiSe4,-2.556620949,-2.698869823,-2.627745369
mp-1222276,LiHoSe2,-2.194003358,-2.519819321,-2.35691129
mp-1120716,CdHg3Te4,-2.384164383,-2.790087878,-2.587126
mp-1026348,Te2W3Se4,-2.543700911,-2.390011201,-2.466856042
mp-1224861,Ga2CuAgTe4,-2.355652492,-2.57747708,-2.466564757
mp-945184,YCuTe2,-2.221361059,-2.293597405,-2.25747923
mp-1221505,MnZnTe2,-2.318880054,-2.627427233,-2.473153586
mp-1222309,LiDySe2,-2.241423268,-2.508045577,-2.374734388
mp-2222940,MgTe2MoW2(SeS)2,-2.382463865,-2.513279772,-2.447871809
mp-2227493,MgTe2MoW2(SeS)2,-2.382463865,-2.513279772,-2.447871809
mp-1223866,In2Te3,-2.311686121,-2.563696002,-2.437691026
mp-2239994,MgTe2MoW2(SeS)2,-2.382463865,-2.513279772,-2.447871809
mp-1201,Sb2Te3,-2.239378753,-2.6885082,-2.463943356
mp-3525,Sb2Te2Se,-2.210813756,-2.567493032,-2.389153331
mp-2223051,MgMo2W(Se2S)2,-2.531248963,-2.446689044,-2.488968999
mp-1080263,CeSe2,-2.445473786,-2.40505836,-2.425266072
mp-1097108,K2HgTe,-2.014071649,-2.286724776,-2.150398191
mp-1217312,TeI4,-2.251527455,-2.01327283,-2.132400127
mp-1232213,YSe2,-2.234711057,-2.214466685,-2.224588871
mp-2223884,MgTe2Mo2W(SeS)2,-2.40835049,-2.517508276,-2.462929376
mp-2223073,MgMoW2(Se2S)2,-2.505677417,-2.427018133,-2.466347771
mp-1087236,Ba2AsSe4O3,-2.3491886,-2.192767444,-2.270978013
mp-1011374,CeSe2,-2.426448323,-2.479217935,-2.452833128
mp-1186162,NaCu3Te2,-2.204569512,-2.479645415,-2.342107429
mp-1025702,Te2Mo(WSe2)2,-2.534828668,-2.401468014,-2.46814833
mp-1225880,CsTaSe3,-2.728222737,-2.595419191,-2.661820948
mp-945779,DyCuTe2,-2.238046769,-2.278192835,-2.258119801
mp-556194,SrSbSe2F,-2.238550758,-2.500681296,-2.369615994
mp-2693,SnSe,-2.191356212,-2.692141677,-2.441748801
mp-1179014,SrVCu3Se4,-2.45867674,-2.6897949,-2.57423578
mp-1221973,MgHg4Te5,-2.505412153,-2.545375936,-2.525394043
mp-2225564,MgMo2(SeS)2,-2.191324305,-2.246545266,-2.218934785
mp-2240057,MgTe2Mo2W(SeS)2,-2.40835049,-2.517508276,-2.462929376
mp-1222287,LiTbSe2,-2.237876832,-2.431565477,-2.334721138
mp-1017565,In2Se3,-2.323236048,-2.523941887,-2.423588945
mp-1179714,RbMnCu3Se4,-2.42106869,-2.709576711,-2.565322638
mp-2242070,MgTe4Mo3S2,-2.37358332,-2.509143709,-2.441363504
mp-1223911,InGa(AgSe2)2,-2.31407114,-2.53058212,-2.422326605
mp-1180332,MgAlCu3Se4,-2.439776991,-2.497693158,-2.468735073
mp-1206174,ErSeBr,-2.086855233,-2.305527804,-2.196191503
mp-1226731,CdHg4Se5,-2.550661088,-2.424024965,-2.487343017
mp-2222782,MgTe2Mo2W(SeS)2,-2.40835049,-2.517508276,-2.462929376
mp-1224378,Ge(SbTe)4,-2.44823109,-2.593649148,-2.520940105
mp-582282,GdAgSe2,-2.492602678,-2.381747495,-2.43717508
mp-1224837,Ga2CuAgSe4,-2.359449743,-2.526650292,-2.443050002
mp-1224952,Ga2CuAg(TeSe)2,-2.224851411,-2.111493952,-2.168172677
mp-1232381,ZnCdTe,-2.178860777,-2.006750855,-2.092805809
mp-961651,ZrFeSe,-2.880784672,-3.264645652,-3.072714805
mp-1181579,CsMnCu3Se4,-2.627687346,-2.759356903,-2.693522107
mp-1207280,Ho2Te3,-2.143358947,-2.668397059,-2.405877857
mp-1229100,Ag2Se,-2.114528171,-2.490133969,-2.302331012
mp-1206872,HoSeI,-2.084712687,-2.234526412,-2.159619543
mp-2223890,MgMo3(Se2S)2,-2.433828707,-2.438359481,-2.436094094
mp-1179750,RbCoCu3Se4,-2.482309427,-2.718376783,-2.60034306
mp-755177,EuSeO3,-2.505321475,-2.400843148,-2.453082306
mp-1227001,Cd2GaCuSe4,-2.258801396,-2.480424936,-2.369613143
mp-2240347,MgMoW2(Se2S)2,-2.505677417,-2.427018133,-2.466347771
mp-1215584,Zn2GaAgSe4,-2.345812566,-2.156508024,-2.251160282
mp-2242185,MgMo2W(Se2S)2,-2.531493667,-2.446689044,-2.489091351
mp-1179880,NaCu3GeSe4,-2.470466012,-2.662714761,-2.566590359
mp-568587,CrCuSe2,-2.168439922,-2.433935001,-2.301187433
mp-2226850,MgMoW2(Se2S)2,-2.505677417,-2.427018133,-2.466347771
mp-2222933,MgMo2W(Se2S)2,-2.548523919,-2.446689044,-2.497606475
mp-1207331,TbSeI,-2.072521917,-2.207856321,-2.140189114
mp-16364,SnTe,-2.242483601,-2.907333948,-2.574908423
mp-19880,FeTe2,-2.278156511,-2.423946494,-2.351051493
mp-1206751,DySeI,-2.090989988,-2.246304803,-2.168647388
mp-1181943,CaVCu3Se4,-2.442453905,-2.737526837,-2.589990302
mp-1206227,Li(YSe2)3,-2.424241467,-2.143131784,-2.283686594
mp-1218275,SrEuTe2,-2.174772087,-2.541808781,-2.358290371
mp-1221497,MnZnTe2,-2.306530406,-2.55648782,-2.431509079
mp-1080432,K2Se2O,-2.094227493,-2.003646208,-2.048936849
mp-1206385,TmSeI,-2.055807539,-2.247233964,-2.151520741
mp-1224053,In2CuAg(TeSe)2,-2.234549371,-2.072031826,-2.153290591
mp-2227105,MgMoW2(Se2S)2,-2.505677417,-2.427018133,-2.466347771
mp-1080275,CeSe2,-2.45057797,-2.280933172,-2.365755557
mp-569114,BaAg2SnSe4,-2.182441157,-2.280599719,-2.231520435
mp-22386,InAgTe2,-2.286144723,-2.540762786,-2.41345372
mp-2226441,MgMoW2(Se2S)2,-2.454633309,-2.051438447,-2.253035818
mp-1182006,CaCrCu3Se4,-2.358305508,-2.760437224,-2.559371246
mp-1222281,LiSmSe2,-2.241367603,-2.441046307,-2.341206937
mp-1179168,SrCrCu3Se4,-2.374528338,-2.712705278,-2.543616727
mp-1180832,KMnCu3Se4,-2.461489271,-2.675985814,-2.568737508
mp-1100951,V(FeSe2)2,-2.404348661,-1.886999643,-2.145674074
mp-1226950,Cd2TeS,-2.061637882,-2.375308931,-2.218473374
mp-1025781,Te4Mo2WSe2,-2.487934195,-2.498928749,-2.493431472
mp-2240501,MgTe2MoW2(SeS)2,-2.382463865,-2.513279772,-2.447871809
mp-1226965,Cd2GaAg(SeS)2,-2.081479011,-2.207286652,-2.144382827
mp-1025626,Te4Mo2WSe2,-2.487934195,-2.498928749,-2.493431472
mp-2240518,MgMo2W(SeS2)2,-2.561599167,-2.652406591,-2.607002872
mp-2240606,MgMoW2(Se2S)2,-2.454633309,-2.051438447,-2.253035818
mp-1226894,CdIn2(SeS)2,-2.254073749,-2.670039662,-2.462056603
mp-1025585,Te4Mo(WSe)2,-2.466600937,-2.410466838,-2.438533886
mp-1215643,ZnCu2Ge(SeS)2,-2.212729881,-2.375913376,-2.294321618
mp-1215660,ZnHg4Te5,-2.579753359,-2.615239349,-2.597496353
mp-2242069,MgTe4Mo2WS2,-2.455802382,-2.552839322,-2.504320846
mp-2293,MnSe,-2.112173169,-2.651157988,-2.381665433
mp-1218976,Sn2GeTe3,-2.305738561,-2.72335427,-2.514546298
mp-1025705,Te2Mo(WSe2)2,-2.535711552,-2.405478757,-2.470595144
mp-1206671,LuSeI,-2.174946441,-2.122186568,-2.148566504
mp-10777,RbCeSe2,-2.381463596,-2.496084435,-2.438774009
mp-7433,NaCuSe,-2.082962737,-2.291016013,-2.186989361
mp-1215583,Zn4CoSe5,-2.511050702,-2.05250859,-2.281779563
mp-1025752,Te4Mo2WSe2,-2.487934195,-2.498928749,-2.493431472
mp-33975,CuAsSe2,-2.267283032,-2.461548681,-2.364415839
mp-1224180,InGaCu2(TeSe)2,-2.329336945,-2.133232599,-2.231284759
mp-675577,Mn(InTe2)2,-2.369501179,-2.582403106,-2.475952115
mp-1226806,CdGa4As4Se,-2.46879385,-2.617444974,-2.543119396
mp-1883,SnTe,-2.232095258,-2.912646286,-2.572370405
mp-1180804,KCoCu3Se4,-2.55338497,-2.701696355,-2.627540644
mp-4840,GaCuSe2,-2.31621832,-2.441434958,-2.378826632
mp-725554,RbSeO3,-2.209442814,-2.273843194,-2.241643002
mp-569790,BaAg2GeSe4,-2.165683918,-2.261986488,-2.2138352
mp-1221609,MnGa(CuSe2)2,-2.339628913,-2.491665983,-2.415647436
mp-2239931,MgMo3(Se2S)2,-2.433828707,-2.438359481,-2.436094094
mp-2224869,CuTeO4,-2.160577965,-2.419873674,-2.290225793
mp-1222750,Li2GeSb2Te5,-2.476752076,-2.550957453,-2.513854761
mp-21356,EuCuSeF,-2.285762511,-2.436450309,-2.361106399
mp-2226965,MgTe2Mo3(SeS)2,-2.251269365,-2.534226094,-2.392747689
mp-1221883,Mn2InAgTe4,-2.340588552,-2.517089839,-2.428839179
mp-34663,NaAsSe2,-2.251042225,-2.396270489,-2.323656348
mp-1215792,ZnCu2SnSeS3,-2.252541917,-2.165799474,-2.209170693
mp-1207258,Dy2Te3,-2.204535767,-2.679380919,-2.441958214
mp-2872104,CdTe,-2.202999329,-2.274327137,-2.238663231
mp-1025881,Te2Mo2W(SeS)2,-2.393642098,-2.567699315,-2.480670688
mp-1021484,CeSe2,-2.552966069,-2.369247822,-2.461106926
mp-1224994,GaCuTeSe,-2.286485725,-2.253762211,-2.270123968
mp-1224881,Ga3Te3As,-2.294267518,-2.229970758,-2.262119137
mp-1179138,SrCu3NiSe4,-2.523970282,-2.743279711,-2.633624955
mp-1221781,MnInCuTe3,-2.260553775,-2.309604081,-2.285078927
mp-1492,CdTe,-2.197562252,-2.313057568,-2.255309905
mp-1025834,Te2Mo(WSe2)2,-2.535711552,-2.405478757,-2.470595144
mp-1224246,In2CuAgTe4,-2.33892606,-2.558982703,-2.448954354
mp-1224407,Ge2Sb2Te5,-2.400812091,-2.29788588,-2.349348981
mp-1025774,Te2Mo2WSe4,-2.527084963,-2.348413362,-2.437749145
mp-1025729,Te4Mo(WSe)2,-2.478386005,-2.478168755,-2.47827738
mp-1025754,Te2Mo2WSe4,-2.537286419,-2.42336121,-2.480323806
mp-10759,GeSe,-2.137952201,-2.687704472,-2.412828174
mp-2227483,MgTe2MoW2(SeS)2,-2.382463865,-2.513279772,-2.447871809
mp-1219396,Sc2Te3,-2.277161638,-2.400316552,-2.338739089
mp-1182275,BaCrCu3Se4,-2.39759186,-2.678105283,-2.537848516
mp-1025743,Te4Mo2WS2,-2.44839425,-2.606717837,-2.527556026
mp-1215622,ZnCu2SnSe3S,-2.287003317,-2.103483869,-2.195243582
mp-1025779,Te2Mo2WSe4,-2.537286419,-2.42336121,-2.480323806
mp-1247874,Ag2Se,-2.257455981,-1.853511259,-2.055483582
mp-1223937,In2CuAsSe2,-2.203519341,-2.456468007,-2.329993646
mp-1215648,Zn4Te3O,-2.397294871,-2.394025391,-2.395660131
mp-1215504,ZnCdTeSe,-2.185165747,-2.303575179,-2.244370458
mp-1215527,ZnCdTeSe,-2.18371911,-2.311121123,-2.247420111
mp-1226958,Cd2GaAgSe4,-2.205055055,-2.149636856,-2.177345955
mp-1215670,ZnCu2SnSe3S,-2.255525846,-1.958212745,-2.106869273
mp-1223913,In2CuAgSe4,-2.350372196,-2.488982249,-2.419677213
mp-1223732,InGaCuAgSe4,-2.36149365,-2.508918741,-2.435206183
mp-2928,FePSe3,-2.513367481,-2.53614886,-2.524758171
mp-1224147,InGa(CuSe2)2,-2.40600726,-2.552224489,-2.479115861
mp-2242114,MgTe4Mo2WS2,-2.456047085,-2.552839322,-2.504443198
mp-1212335,K2LiTe2,-2.088586841,-2.306244483,-2.197415647
mp-1223874,In4GeSb2Te,-2.283074354,-2.669428888,-2.47625153
